pair_ID	HybridLabel	MappedLabel	GoldLabel
6a	BR	N	N
7a	R		N
8a	BR	N	N
10a	B	E	E
11a	BR	N	N
13a	B	C	C
15a	R		N
16a	BR	N	N
17a	BR	N	N
19a	R		N
20a	B	C	N
21a	B	E	N
22a	B	E	E
23a	BR	C	C
27a	BR	N	N
29a	R		N
31a	BR	C	C
32a	BR	E	E
33a	B	E	E
34a	B	N	C
36a	B	N	N
37a	R		N
38a	BR	N	N
39a	BR	N	N
41a	BR	E	E
43a	BR	E	E
46a	BR	N	N
48a	BR	N	N
50a	BR	N	N
51a	BR	N	N
52a	BR	E	E
53a	BR	N	N
54a	B	E	N
57a	BR	N	N
59a	BR	N	N
60a	BR	N	N
61a	BR	N	N
63a	BR	E	E
64a	R		C
66a	B	N	E
67a	R		C
68a	BR	N	N
69a	R		C
71a	BR	C	N
74a	R		E
75a	R		C
76a	R		N
80a	B	N	N
86a	BR	N	N
89a	B	E	N
92a	BR	N	N
95a	BR	N	N
96a	B	N	N
101a	BR	E	C
102a	BR	N	N
103a	BR	N	N
104a	BR	N	N
106a	BR	N	N
108a	B	N	N
109a	BR	N	E
110a	BR	N	N
115a	BR	N	N
118a	B	E	E
121a	R		E
123a	B	N	N
125a	R		N
128a	B	N	N
132a	R		C
134a	R		N
135a	BR	N	N
137a	B	N	N
138a	R		N
142a	R		E
143a	R		C
144a	BR	N	N
145a	B	N	N
147a	BR	N	N
149a	BR	E	E
151a	B	E	E
152a	BR	C	C
153a	B	N	E
154a	BR	C	C
155a	BR	E	N
156a	BR	C	C
157a	BR	E	E
158a	B	E	E
160a	BR	E	E
162a	BR	N	N
165a	BR	N	N
166a	B	N	N
167a	BR	E	E
168a	R		C
169a	BR	E	E
171a	R		N
172a	B	E	E
174a	BR	E	N
175a	B	E	E
177a	B	E	E
178a	BR	E	E
179a	R		N
180a	B	E	N
181a	B	E	E
182a	R		N
187a	BR	N	N
189a	B	N	N
190a	R		N
191a	B	E	E
193a	BR	E	E
195a	BR	E	N
196a	B	N	C
198a	B	N	C
199a	BR	N	N
203a	B	N	N
204a	BR	N	E
206a	B	N	N
207a	BR	N	C
208a	B	N	E
209a	B	N	E
210a	BR	C	C
212a	BR	N	N
213a	BR	N	N
214a	BR	N	N
220a	BR	N	N
221a	BR	N	N
222a	BR	E	N
229a	B	E	E
230a	BR	C	C
231a	B	E	E
235a	B	N	N
239a	BR	N	N
242a	BR	E	N
243a	R		N
244a	R		C
245a	BR	E	N
246a	BR	N	N
247a	R		C
250a	BR	N	N
251a	B	N	N
252a	BR	N	N
255a	BR	E	N
261a	BR	N	N
262a	B	E	E
263a	R		N
264a	BR	E	N
267a	BR	N	N
268a	BR	N	N
270a	BR	N	N
271a	BR	N	N
274a	BR	E	N
275a	BR	N	N
278a	R		N
281a	BR	N	N
282a	B	E	E
284a	BR	E	E
288a	BR	N	N
290a	BR	N	N
292a	R		N
294a	R		C
295a	B	N	N
297a	R		N
298a	R		N
299a	R		N
300a	BR	E	E
306a	R		N
307a	R		N
308a	BR	N	N
314a	BR	C	C
316a	BR	N	N
318a	BR	N	N
319a	BR	N	N
320a	BR	N	N
321a	BR	N	N
322a	R		N
325a	B	C	C
328a	BR	N	N
330a	BR	N	N
334a	R		N
336a	BR	E	E
337a	BR	N	E
343a	BR	E	E
345a	B	N	N
348a	BR	N	N
349a	B	N	N
350a	B	N	N
352a	R		C
353a	B	E	N
355a	R		C
356a	BR	N	N
357a	R		C
359a	R		N
364a	BR	E	E
365a	BR	N	N
368a	R		N
369a	R		N
371a	BR	E	E
376a	B	N	N
383a	R		N
385a	R		N
386a	R		N
388a	R		N
389a	B	N	N
399a	R		N
400a	B	N	N
401a	R		N
405a	BR	N	N
406a	BR	N	E
407a	BR	N	N
408a	BR	E	E
411a	B	E	E
412a	B	N	N
414a	BR	N	E
416a	B	N	N
418a	BR	N	N
419a	B	N	N
420a	B	N	N
421a	B	N	N
424a	BR	E	E
425a	R		C
426a	BR	E	N
429a	R		N
430a	R		N
431a	BR	N	C
432a	BR	E	E
433a	BR	E	E
437a	BR	N	N
443a	B	E	N
444a	BR	E	N
445a	BR	E	E
448a	R		N
452a	R		N
453a	R		E
455a	B	N	N
456a	B	C	C
458a	BR	N	N
459a	BR	N	N
460a	R		N
463a	B	C	C
464a	BR	E	N
466a	BR	C	C
467a	BR	N	N
468a	B	N	N
469a	B	E	E
471a	R		N
472a	BR	N	N
474a	BR	C	C
478a	BR	C	C
479a	BR	N	N
480a	BR	N	C
481a	BR	E	E
482a	B	E	E
483a	BR	C	N
487a	R		N
488a	BR	N	N
490a	BR	N	N
492a	BR	C	C
493a	B	E	N
495a	BR	N	N
498a	BR	N	N
501a	BR	N	N
502a	B	E	E
503a	BR	C	C
504a	B	E	N
509a	BR	N	N
510a	BR	N	N
511a	B	N	N
512a	B	N	N
517a	B	N	N
518a	B	E	E
519a	BR	C	C
521a	R		N
525a	BR	N	N
532a	BR	C	C
533a	BR	N	N
534a	B	N	N
536a	BR	N	N
537a	BR	N	N
539a	BR	N	N
540a	R		N
543a	R		N
544a	BR	E	E
546a	BR	E	N
547a	BR	N	N
549a	B	N	N
553a	BR	N	N
554a	BR	E	E
558a	BR	N	N
559a	BR	E	N
562a	R		N
563a	BR	N	N
566a	BR	N	N
567a	BR	E	E
569a	BR	N	N
571a	R		C
572a	R		N
573a	BR	N	N
574a	BR	N	N
575a	R		N
576a	BR	N	N
577a	B	N	N
578a	BR	N	N
579a	R		N
580a	B	E	E
582a	BR	E	N
583a	B	E	E
584a	BR	C	C
585a	R		E
589a	BR	N	N
590a	B	E	E
591a	BR	E	E
593a	BR	E	E
594a	BR	C	C
595a	BR	N	N
596a	BR	N	N
598a	BR	N	N
600a	BR	E	E
602a	BR	C	N
607a	B	N	N
608a	BR	N	N
610a	BR	N	N
612a	BR	N	E
613a	R		N
615a	R		N
616a	R		E
618a	B	N	N
620a	BR	N	N
624a	B	N	N
627a	BR	N	N
633a	BR	N	N
635a	R		N
636a	R		N
639a	BR	E	E
640a	BR	E	N
642a	BR	E	E
644a	BR	E	N
652a	BR	E	E
654a	B	E	N
656a	B	N	N
658a	B	E	N
659a	B	N	N
662a	B	N	N
664a	BR	N	N
665a	BR	E	E
666a	R		N
667a	B	E	E
669a	BR	E	N
670a	B	N	N
673a	B	N	N
674a	R		C
675a	B	N	E
677a	BR	C	C
681a	R		N
682a	R		N
683a	B	N	N
684a	BR	N	N
686a	BR	N	N
688a	BR	N	N
694a	BR	E	N
695a	B	N	N
700a	BR	N	N
701a	B	N	N
705a	BR	E	E
706a	R		C
707a	B	N	N
708a	BR	N	N
710a	BR	N	N
711a	BR	N	N
712a	BR	N	N
713a	BR	E	E
714a	R		N
720a	R		N
721a	B	N	N
724a	B	N	N
726a	R		E
739a	R		N
740a	R		E
742a	BR	E	N
743a	B	N	N
744a	BR	N	N
750a	B	E	E
751a	B	N	C
753a	BR	C	C
755a	B	N	N
756a	B	N	N
758a	B	N	N
763a	BR	E	N
767a	BR	N	N
770a	BR	N	N
771a	B	N	N
773a	R		N
775a	B	C	N
776a	BR	N	N
778a	BR	N	N
779a	BR	N	N
781a	BR	N	N
782a	BR	C	C
786a	BR	N	N
787a	B	N	N
788a	BR	N	N
790a	BR	N	N
794a	BR	E	E
795a	BR	E	N
798a	B	C	C
800a	BR	N	N
801a	B	N	N
803a	R		N
805a	R		E
806a	BR	C	C
807a	BR	N	N
808a	B	C	N
809a	BR	C	C
810a	R		N
814a	B	N	N
815a	B	N	N
817a	R		C
818a	R		E
819a	BR	C	C
821a	BR	N	N
823a	BR	N	N
826a	BR	N	N
828a	BR	C	C
829a	BR	N	E
832a	BR	N	N
833a	BR	N	N
834a	B	N	N
835a	B	N	N
837a	B	N	N
838a	B	N	N
840a	R		E
842a	R		N
843a	B	N	N
847a	BR	N	N
849a	B	N	N
850a	BR	N	N
853a	R		E
854a	B	C	C
856a	B	E	E
861a	R		N
863a	R		N
865a	B	C	C
871a	BR	N	N
875a	BR	N	N
877a	B	E	E
884a	B	N	N
885a	BR	N	N
886a	BR	N	N
890a	BR	E	E
891a	BR	C	C
894a	BR	E	E
896a	BR	N	N
897a	BR	C	C
900a	B	C	C
901a	B	E	N
903a	BR	N	N
905a	R		N
907a	BR	N	N
911a	BR	N	N
912a	R		N
914a	B	E	E
916a	R		N
918a	B	N	N
919a	R		N
921a	B	N	N
923a	B	E	E
924a	R		C
925a	R		N
926a	BR	E	E
928a	BR	N	N
929a	BR	N	N
930a	BR	E	N
934a	B	E	E
937a	BR	E	E
938a	BR	N	N
939a	B	N	N
941a	BR	N	N
942a	BR	N	N
946a	B	N	N
951a	B	N	C
952a	BR	E	N
954a	BR	N	N
955a	BR	N	N
958a	B	E	N
964a	R		C
965a	R		N
966a	BR	N	N
968a	BR	N	N
969a	R		N
971a	B	N	N
972a	R		N
974a	B	C	C
976a	B	E	E
977a	BR	N	E
981a	BR	N	N
982a	R		N
983a	B	N	N
986a	B	E	E
990a	BR	E	C
992a	BR	N	N
993a	BR	N	N
995a	BR	N	N
997a	R		N
999a	BR	E	E
1001a	B	E	E
1003a	BR	N	N
1005a	BR	N	N
1006a	BR	N	N
1011a	R		E
1012a	B	N	N
1013a	B	N	N
1014a	B	N	N
1015a	BR	N	N
1017a	BR	N	N
1020a	BR	N	N
1023a	BR	N	N
1024a	B	E	E
1025a	BR	N	C
1027a	B	N	N
1030a	R		N
1032a	B	E	E
1034a	BR	E	N
1035a	B	E	E
1036a	BR	C	C
1040a	BR	N	N
1041a	BR	N	E
1042a	B	N	N
1051a	BR	N	N
1056a	R		N
1058a	B	E	E
1059a	BR	C	C
1060a	BR	N	N
1062a	BR	C	C
1063a	BR	E	N
1066a	BR	N	N
1067a	R		N
1070a	B	N	N
1071a	B	E	E
1072a	R		N
1073a	BR	E	E
1075a	BR	E	N
1077a	R		N
1078a	B	N	N
1079a	BR	N	N
1081a	B	N	N
1085a	B	E	E
1086a	B	N	N
1089a	BR	N	N
1098a	B	E	E
1100a	BR	N	N
1101a	BR	N	N
1103a	BR	N	N
1106a	R		E
1107a	BR	C	C
1110a	BR	C	C
1113a	B	N	N
1114a	BR	N	N
1116a	B	N	N
1121a	BR	E	E
1126a	BR	E	E
1127a	BR	C	C
1130a	BR	C	C
1131a	BR	E	C
1132a	BR	N	N
1134a	BR	N	N
1136a	R		N
1138a	B	N	N
1140a	BR	C	C
1141a	BR	E	E
1142a	BR	C	C
1148a	B	E	E
1150a	B	E	E
1151a	BR	C	C
1152a	B	N	N
1156a	BR	N	N
1158a	R		C
1159a	BR	E	E
1160a	BR	E	N
1163a	B	N	N
1164a	BR	N	N
1166a	R		E
1168a	R		E
1171a	BR	N	N
1172a	R		N
1173a	BR	N	N
1174a	BR	E	N
1176a	BR	C	C
1181a	BR	N	N
1183a	BR	N	N
1185a	R		N
1186a	BR	E	E
1187a	BR	E	N
1189a	BR	N	N
1197a	R		C
1198a	BR	E	N
1199a	B	N	N
1201a	BR	N	N
1203a	BR	N	N
1204a	B	N	N
1208a	B	E	E
1209a	BR	C	C
1210a	BR	N	N
1211a	R		N
1216a	BR	C	C
1217a	BR	E	E
1218a	B	C	C
1220a	B	N	N
1223a	B	N	N
1224a	B	E	E
1225a	BR	C	C
1226a	B	E	E
1229a	BR	N	N
1231a	BR	N	N
1233a	B	E	E
1234a	R		C
1235a	R		E
1238a	B	N	N
1243a	BR	C	C
1245a	BR	C	C
1247a	BR	N	N
1250a	BR	N	N
1252a	BR	C	C
1253a	BR	E	E
1254a	BR	N	N
1256a	B	N	N
1257a	B	N	N
1258a	BR	N	N
1260a	R		E
1261a	BR	C	C
1262a	R		E
1263a	BR	C	C
1264a	BR	E	E
1265a	BR	N	C
1267a	B	N	C
1269a	BR	N	N
1272a	BR	C	C
1277a	B	N	N
1278a	BR	N	N
1279a	BR	N	C
1281a	BR	C	C
1285a	B	N	N
1286a	B	N	N
1288a	BR	C	C
1289a	BR	E	E
1290a	BR	N	N
1295a	BR	N	N
1296a	B	N	E
1298a	B	E	N
1299a	R		E
1300a	BR	C	C
1301a	R		N
1304a	B	N	N
1306a	BR	N	N
1307a	B	N	N
1309a	BR	E	E
1310a	BR	C	C
1312a	B	C	C
1313a	BR	N	N
1314a	B	N	N
1315a	BR	N	N
1316a	BR	N	N
1320a	B	E	N
1322a	B	N	C
1323a	R		N
1324a	BR	E	E
1325a	BR	N	C
1327a	BR	E	N
1330a	BR	E	N
1331a	B	E	E
1332a	BR	C	C
1334a	R		N
1337a	BR	E	E
1338a	B	N	N
1339a	BR	E	E
1340a	R		E
1343a	BR	N	C
1347a	BR	C	C
1348a	B	E	E
1349a	BR	N	N
1351a	B	E	E
1353a	B	E	E
1356a	B	C	C
1357a	B	E	E
1360a	BR	N	N
1362a	B	E	N
1363a	B	N	C
1364a	B	E	E
1366a	B	N	E
1367a	B	E	E
1369a	BR	E	E
1370a	BR	C	C
1374a	B	C	N
1375a	B	E	E
1377a	BR	C	C
1382a	R		N
1383a	B	N	N
1391a	BR	N	N
1392a	B	N	N
1393a	B	N	N
1394a	BR	E	E
1395a	BR	N	C
1397a	BR	C	C
1398a	BR	N	N
1401a	BR	N	C
1402a	BR	N	N
1406a	BR	C	C
1411a	R		N
1413a	R		C
1416a	BR	E	E
1418a	BR	N	E
1420a	B	E	E
1422a	BR	N	N
1423a	B	E	E
1424a	BR	C	C
1425a	BR	N	N
1426a	B	N	N
1428a	B	N	N
1433a	BR	C	C
1436a	B	N	N
1437a	BR	N	N
1439a	B	E	E
1440a	BR	C	C
1441a	B	E	E
1442a	BR	N	N
1445a	B	N	N
1447a	BR	N	N
1449a	BR	E	N
1450a	B	E	E
1451a	BR	C	C
1452a	B	N	N
1454a	BR	N	N
1456a	R		N
1457a	BR	E	E
1459a	BR	N	E
1460a	BR	N	N
1462a	BR	N	N
1465a	BR	N	N
1468a	B	E	E
1471a	BR	N	N
1472a	BR	N	N
1475a	B	N	E
1477a	B	E	E
1478a	BR	C	C
1485a	B	C	C
1490a	B	N	N
1491a	B	N	N
1492a	R		N
1496a	BR	C	C
1497a	B	E	E
1500a	BR	C	C
1502a	BR	N	E
1507a	B	N	N
1508a	B	N	N
1510a	B	N	N
1512a	BR	N	N
1515a	BR	N	N
1516a	BR	N	N
1518a	B	N	N
1520a	R		E
1522a	BR	E	N
1526a	B	N	N
1528a	BR	N	N
1529a	BR	E	E
1530a	BR	N	N
1533a	BR	N	N
1537a	BR	N	N
1539a	BR	C	C
1540a	BR	N	N
1542a	BR	N	N
1543a	B	N	N
1544a	B	N	N
1546a	B	N	N
1548a	BR	C	C
1554a	B	N	N
1555a	BR	N	N
1556a	BR	E	E
1560a	B	N	N
1561a	BR	N	N
1562a	BR	N	N
1564a	BR	N	E
1567a	R		N
1568a	R		E
1569a	BR	C	N
1571a	R		N
1572a	BR	N	N
1577a	B	N	N
1578a	R		E
1579a	BR	C	C
1581a	B	C	C
1583a	B	C	C
1589a	BR	N	E
1590a	B	N	C
1593a	BR	E	E
1594a	B	N	N
1596a	BR	E	E
1597a	BR	N	N
1598a	B	E	E
1602a	BR	C	C
1605a	B	N	N
1611a	BR	C	C
1613a	R		N
1616a	R		N
1617a	BR	E	E
1619a	B	E	E
1620a	B	E	E
1622a	B	N	N
1623a	B	N	E
1624a	R		N
1630a	B	E	E
1633a	B	N	N
1634a	B	N	N
1636a	R		N
1637a	BR	N	N
1638a	R		N
1642a	BR	N	N
1644a	B	N	C
1645a	BR	E	N
1654a	BR	C	C
1656a	R		E
1658a	BR	E	E
1662a	B	N	N
1664a	BR	N	N
1665a	B	E	N
1666a	B	N	N
1667a	BR	E	E
1672a	BR	N	N
1674a	BR	N	N
1678a	R		C
1681a	BR	C	C
1683a	R		E
1684a	BR	C	C
1685a	R		N
1686a	R		E
1689a	BR	E	E
1692a	BR	N	N
1693a	BR	N	E
1695a	BR	N	N
1696a	BR	E	E
1698a	BR	N	N
1699a	B	N	N
1701a	BR	N	N
1704a	R		C
1709a	BR	N	N
1710a	BR	N	N
1713a	BR	C	C
1717a	R		E
1718a	R		C
1720a	R		C
1722a	R		E
1725a	R		E
1726a	BR	C	C
1727a	BR	N	N
1728a	R		N
1730a	BR	N	N
1731a	R		N
1732a	R		N
1734a	B	E	E
1735a	B	C	C
1737a	BR	C	C
1738a	B	N	N
1739a	BR	N	N
1740a	B	N	N
1742a	B	N	N
1743a	B	E	E
1744a	BR	C	C
1745a	R		N
1746a	B	E	E
1748a	B	E	N
1749a	B	N	N
1750a	B	E	E
1752a	B	E	N
1758a	BR	C	C
1760a	R		N
1761a	R		E
1762a	B	N	N
1763a	B	N	N
1764a	R		N
1767a	B	E	N
1768a	BR	E	E
1769a	BR	C	C
1770a	BR	E	N
1774a	R		N
1775a	R		N
1778a	B	E	E
1779a	R		N
1785a	R		N
1786a	BR	N	E
1788a	BR	N	E
1790a	BR	C	C
1793a	B	C	C
1794a	BR	N	N
1795a	B	E	N
1796a	B	N	C
1797a	BR	N	N
1799a	B	N	N
1800a	BR	N	N
1801a	B	N	E
1802a	BR	E	E
1803a	BR	C	C
1804a	B	E	E
1805a	BR	C	C
1806a	BR	C	N
1810a	R		N
1813a	BR	E	E
1816a	B	E	E
1817a	BR	C	C
1819a	BR	N	N
1821a	BR	N	N
1824a	B	N	N
1826a	BR	E	E
1827a	BR	E	N
1828a	R		N
1831a	B	E	N
1833a	BR	N	N
1834a	BR	N	N
1835a	BR	N	N
1836a	BR	N	N
1837a	BR	N	N
1838a	BR	N	N
1843a	BR	C	C
1845a	BR	N	N
1848a	BR	N	N
1850a	B	E	E
1855a	BR	N	N
1856a	B	N	N
1857a	BR	C	C
1858a	BR	E	N
1859a	B	E	E
1860a	B	N	C
1862a	BR	E	E
1863a	BR	C	C
1864a	B	E	N
1865a	B	E	E
1867a	B	N	N
1868a	B	E	E
1870a	BR	E	N
1871a	B	E	E
1872a	B	E	E
1875a	BR	E	E
1880a	BR	E	N
1883a	BR	N	N
1885a	BR	E	E
1889a	B	N	C
1890a	BR	E	N
1891a	BR	N	N
1893a	BR	N	N
1895a	B	N	C
1896a	BR	N	N
1899a	BR	N	N
1901a	R		C
1902a	B	N	N
1903a	B	N	N
1905a	BR	N	N
1906a	BR	N	N
1911a	BR	E	N
1913a	B	C	C
1915a	BR	N	N
1917a	B	N	N
1922a	BR	E	E
1923a	B	N	C
1924a	BR	N	N
1925a	BR	E	E
1926a	BR	C	C
1928a	B	N	N
1929a	BR	N	N
1930a	B	N	N
1931a	B	N	N
1932a	BR	N	N
1933a	B	N	N
1937a	B	E	E
1938a	BR	N	N
1941a	R		N
1945a	BR	C	C
1947a	BR	N	N
1950a	BR	N	N
1951a	R		N
1953a	B	E	E
1956a	BR	E	E
1957a	R		N
1960a	BR	N	N
1962a	BR	N	N
1965a	B	C	C
1966a	BR	N	N
1968a	BR	C	C
1971a	BR	N	N
1973a	B	E	E
1976a	B	E	E
1977a	B	E	E
1980a	BR	E	E
1982a	B	N	N
1983a	B	N	N
1985a	B	N	N
1990a	BR	N	N
1995a	R		N
1997a	BR	N	N
1998a	R		N
2002a	R		E
2003a	BR	E	N
2010a	BR	E	N
2013a	R		N
2017a	B	E	E
2021a	B	N	N
2022a	BR	N	N
2026a	B	N	N
2028a	BR	N	N
2031a	BR	C	C
2032a	BR	C	N
2033a	B	N	N
2034a	BR	N	N
2036a	B	N	E
2039a	B	E	N
2042a	BR	N	N
2043a	BR	E	E
2044a	R		C
2046a	BR	N	N
2050a	R		N
2053a	B	E	E
2054a	BR	E	N
2057a	BR	C	C
2060a	R		E
2062a	BR	E	N
2063a	R		E
2065a	BR	C	C
2069a	B	N	N
2071a	R		N
2074a	R		N
2077a	BR	N	N
2083a	BR	N	N
2085a	B	N	N
2093a	B	N	N
2095a	BR	N	N
2099a	B	N	N
2101a	BR	E	E
2106a	B	E	N
2108a	B	N	N
2110a	B	N	N
2111a	B	N	N
2114a	BR	N	N
2116a	BR	E	N
2120a	B	E	N
2126a	BR	E	N
2127a	BR	E	E
2128a	R		C
2129a	BR	E	E
2131a	BR	N	N
2133a	R		N
2134a	B	N	N
2135a	BR	N	N
2137a	BR	C	C
2138a	B	N	N
2140a	BR	C	C
2142a	R		N
2143a	R		N
2147a	B	N	N
2149a	R		N
2151a	BR	E	N
2152a	BR	E	E
2154a	BR	E	E
2155a	R		N
2156a	BR	N	N
2158a	B	N	N
2159a	R		N
2160a	R		N
2161a	B	N	N
2168a	B	E	E
2169a	BR	N	N
2173a	BR	N	N
2174a	R		E
2177a	R		N
2178a	BR	E	E
2182a	R		E
2185a	BR	C	C
2186a	R		E
2187a	R		C
2189a	R		N
2190a	R		N
2191a	BR	E	E
2193a	R		N
2194a	B	E	E
2197a	BR	N	N
2200a	BR	N	N
2201a	BR	N	N
2204a	B	E	N
2206a	R		N
2209a	B	N	N
2211a	B	N	N
2214a	B	N	N
2216a	B	N	N
2219a	BR	C	C
2220a	R		E
2223a	BR	N	N
2224a	BR	N	N
2225a	R		E
2227a	B	C	C
2230a	B	E	E
2237a	BR	E	E
2241a	R		N
2244a	R		N
2245a	R		N
2246a	B	E	E
2248a	R		E
2249a	BR	C	C
2254a	B	E	E
2255a	B	E	E
2256a	B	N	N
2257a	B	E	E
2258a	BR	C	C
2262a	B	N	N
2265a	BR	C	C
2267a	BR	C	C
2268a	R		N
2269a	B	C	N
2270a	B	N	N
2271a	B	C	N
2273a	BR	E	E
2276a	R		C
2278a	B	N	N
2279a	BR	N	N
2280a	B	N	N
2283a	R		C
2285a	BR	C	C
2290a	BR	E	E
2292a	BR	C	C
2293a	BR	E	N
2294a	B	N	N
2295a	BR	N	N
2296a	R		N
2298a	BR	C	N
2300a	BR	E	E
2301a	B	N	N
2306a	BR	N	N
2312a	BR	E	E
2313a	BR	C	C
2320a	BR	N	N
2321a	B	N	N
2324a	BR	E	N
2325a	BR	E	E
2326a	BR	C	C
2328a	BR	E	E
2335a	R		E
2336a	BR	C	C
2337a	BR	E	E
2342a	BR	N	N
2343a	B	E	E
2345a	BR	E	E
2346a	BR	E	E
2347a	R		N
2349a	R		N
2353a	BR	N	N
2354a	R		N
2355a	B	N	N
2356a	R		N
2357a	BR	E	E
2361a	BR	C	C
2367a	BR	E	E
2370a	BR	E	E
2371a	BR	C	C
2372a	B	E	E
2373a	BR	C	N
2376a	B	E	E
2378a	B	N	N
2379a	R		E
2380a	BR	C	C
2382a	B	N	N
2384a	BR	N	N
2387a	BR	E	N
2389a	B	E	E
2390a	BR	C	C
2393a	R		N
2394a	BR	E	N
2395a	B	E	N
2396a	BR	E	E
2398a	B	C	C
2399a	B	E	E
2403a	R		N
2406a	BR	E	E
2408a	BR	E	E
2411a	R		N
2412a	R		N
2416a	R		C
2417a	B	E	E
2418a	B	E	E
2419a	BR	C	C
2420a	B	N	E
2421a	R		N
2424a	BR	E	N
2425a	B	N	E
2427a	B	N	N
2428a	BR	E	E
2432a	B	N	N
2433a	B	N	N
2434a	B	E	E
2446a	B	E	E
2448a	R		N
2449a	BR	E	E
2451a	B	E	N
2452a	BR	N	N
2453a	B	N	N
2454a	BR	N	N
2460a	BR	N	N
2461a	B	E	E
2462a	BR	C	C
2463a	BR	E	E
2464a	B	C	N
2468a	B	E	E
2469a	BR	N	N
2470a	BR	E	E
2471a	BR	N	N
2473a	B	N	N
2475a	B	N	N
2477a	B	E	E
2478a	R		N
2479a	R		E
2480a	BR	C	C
2481a	R		N
2482a	BR	N	N
2483a	R		N
2484a	B	N	N
2487a	BR	N	N
2489a	BR	N	C
2490a	BR	N	N
2492a	BR	N	N
2493a	BR	N	N
2498a	BR	E	E
2501a	B	N	N
2502a	BR	N	N
2503a	BR	N	N
2504a	BR	N	N
2507a	R		C
2511a	BR	E	E
2512a	BR	N	N
2513a	B	N	E
2516a	B	N	E
2517a	R		E
2519a	BR	E	E
2520a	R		C
2522a	R		N
2523a	R		N
2524a	BR	N	N
2526a	R		C
2528a	B	E	E
2531a	B	N	N
2532a	B	E	E
2533a	B	N	N
2534a	B	E	E
2536a	B	E	E
2537a	B	E	E
2541a	B	N	N
2542a	BR	C	N
2546a	BR	N	E
2547a	BR	C	C
2548a	BR	E	E
2550a	B	E	E
2552a	B	E	E
2556a	B	N	N
2558a	B	N	N
2559a	BR	E	N
2560a	BR	N	N
2562a	BR	N	N
2563a	B	E	E
2564a	B	E	E
2565a	BR	C	C
2567a	B	N	N
2568a	B	N	N
2570a	B	N	N
2571a	B	N	N
2573a	R		E
2575a	R		E
2576a	BR	C	C
2580a	B	C	N
2581a	B	E	E
2584a	B	E	E
2585a	BR	C	C
2586a	BR	E	E
2587a	BR	C	C
2595a	B	E	E
2598a	B	N	N
2600a	BR	N	N
2603a	BR	C	C
2605a	BR	C	C
2607a	R		E
2609a	R		N
2610a	B	E	E
2611a	B	C	C
2612a	B	E	E
2613a	B	E	E
2614a	BR	C	C
2616a	BR	N	N
2617a	B	N	E
2618a	B	N	N
2620a	BR	N	C
2621a	B	N	E
2624a	BR	E	N
2629a	BR	E	E
2631a	BR	E	E
2633a	BR	E	E
2635a	BR	E	E
2639a	BR	N	N
2641a	B	N	E
2642a	BR	N	N
2644a	R		N
2645a	BR	C	C
2646a	R		E
2647a	BR	C	C
2648a	R		N
2649a	B	N	N
2652a	R		N
2653a	BR	E	E
2658a	BR	N	N
2659a	BR	N	N
2661a	R		N
2663a	B	N	N
2665a	BR	N	N
2667a	BR	C	N
2669a	BR	N	N
2671a	BR	N	N
2674a	BR	N	N
2676a	B	N	N
2677a	BR	N	N
2681a	B	E	E
2683a	B	E	E
2685a	B	C	C
2686a	BR	E	E
2690a	BR	N	N
2693a	R		E
2694a	BR	N	N
2695a	B	E	E
2697a	BR	E	E
2698a	BR	C	N
2699a	BR	E	E
2700a	B	N	N
2706a	BR	E	E
2717a	R		N
2719a	BR	N	N
2723a	R		C
2725a	BR	N	N
2727a	BR	N	N
2729a	B	N	N
2732a	BR	N	N
2733a	BR	E	E
2736a	BR	C	C
2737a	R		N
2740a	B	N	N
2742a	BR	E	E
2743a	BR	C	C
2745a	BR	N	N
2746a	B	E	E
2747a	R		N
2749a	R		C
2750a	B	E	E
2753a	B	E	E
2759a	B	E	E
2760a	B	E	E
2762a	B	E	E
2767a	R		N
2769a	B	E	E
2771a	BR	E	N
2773a	BR	N	N
2780a	BR	E	E
2781a	B	N	N
2782a	BR	E	E
2786a	BR	E	E
2790a	BR	C	C
2793a	B	E	E
2794a	B	C	C
2796a	B	C	N
2798a	B	E	E
2801a	BR	C	C
2804a	R		N
2805a	R		N
2806a	R		N
2808a	B	N	N
2810a	B	N	N
2814a	BR	N	N
2816a	BR	E	E
2819a	B	E	E
2820a	B	N	N
2823a	BR	N	N
2824a	B	N	N
2825a	BR	N	N
2826a	BR	N	N
2830a	BR	C	C
2831a	BR	N	E
2832a	BR	C	N
2833a	BR	E	E
2834a	BR	N	N
2835a	BR	E	E
2836a	BR	N	E
2840a	B	E	E
2841a	R		N
2843a	B	C	C
2846a	BR	C	C
2847a	B	E	E
2848a	BR	C	C
2849a	R		N
2852a	R		N
2855a	BR	C	C
2858a	BR	N	E
2859a	BR	N	N
2866a	BR	N	N
2869a	R		N
2871a	BR	E	E
2872a	B	E	E
2873a	BR	C	C
2876a	R		E
2877a	BR	C	C
2878a	B	E	E
2880a	BR	E	E
2882a	BR	N	N
2884a	BR	C	C
2885a	R		E
2887a	B	E	E
2888a	BR	N	N
2889a	BR	E	E
2892a	R		E
2893a	BR	C	C
2895a	BR	C	C
2897a	R		N
2901a	BR	E	E
2902a	B	N	N
2904a	B	N	N
2906a	BR	N	N
2912a	BR	N	E
2914a	BR	N	N
2921a	R		N
2922a	R		N
2923a	BR	N	N
2925a	B	N	N
2928a	B	E	E
2929a	BR	C	C
2931a	B	N	N
2934a	R		N
2940a	BR	N	E
2942a	BR	N	N
2944a	BR	N	N
2946a	B	E	E
2947a	BR	N	C
2948a	BR	E	E
2949a	BR	C	C
2950a	BR	N	E
2953a	BR	N	C
2954a	BR	N	E
2962a	BR	C	C
2963a	B	E	E
2973a	BR	E	N
2975a	BR	E	E
2978a	B	E	E
2979a	B	C	C
2982a	BR	E	N
2985a	BR	E	N
2986a	BR	E	N
2987a	BR	C	C
2990a	B	N	N
2991a	BR	N	N
2993a	B	N	N
2999a	B	N	N
3000a	B	N	N
3001a	R		N
3003a	B	N	N
3004a	BR	E	E
3006a	BR	E	E
3008a	B	N	N
3009a	BR	N	N
3011a	BR	N	E
3012a	BR	N	N
3013a	BR	N	N
3017a	BR	N	E
3020a	BR	N	N
3021a	BR	N	N
3023a	R		N
3025a	BR	N	C
3026a	BR	E	E
3028a	BR	N	N
3029a	R		C
3030a	R		N
3032a	BR	N	N
3034a	BR	C	C
3035a	B	E	E
3037a	BR	E	E
3040a	B	C	C
3044a	BR	E	E
3045a	BR	N	C
3048a	R		N
3051a	BR	E	E
3052a	BR	C	C
3053a	BR	E	E
3055a	BR	E	E
3056a	BR	N	N
3057a	BR	N	E
3058a	BR	C	C
3060a	B	E	E
3063a	BR	E	E
3064a	B	C	C
3066a	BR	N	C
3067a	B	E	E
3070a	B	E	E
3074a	BR	E	N
3075a	BR	E	E
3076a	B	N	N
3077a	B	E	E
3078a	B	N	C
3080a	R		E
3082a	BR	E	E
3083a	BR	C	C
3084a	B	N	N
3086a	R		N
3087a	BR	N	N
3088a	R		N
3089a	B	E	E
3090a	BR	C	C
3093a	B	N	N
3095a	B	N	N
3096a	B	N	N
3099a	R		C
3101a	BR	E	E
3103a	B	E	E
3104a	B	N	N
3106a	B	C	C
3108a	B	E	E
3109a	BR	E	E
3112a	BR	N	C
3113a	BR	E	E
3115a	BR	E	E
3116a	BR	C	C
3117a	B	E	E
3118a	B	E	E
3119a	BR	N	C
3120a	B	E	E
3124a	R		N
3125a	B	N	N
3127a	BR	E	E
3128a	B	N	N
3131a	BR	N	N
3133a	B	N	N
3135a	B	N	N
3136a	R		N
3137a	BR	C	C
3138a	BR	E	N
3139a	R		E
3141a	BR	N	N
3142a	BR	N	N
3144a	BR	N	N
3145a	BR	N	N
3146a	B	N	N
3147a	B	E	E
3148a	BR	N	N
3149a	BR	E	E
3151a	B	N	N
3152a	B	N	N
3154a	R		N
3155a	B	E	N
3159a	BR	C	C
3160a	B	N	N
3163a	B	E	N
3167a	BR	N	E
3168a	B	N	N
3169a	BR	E	E
3171a	BR	E	E
3172a	B	C	N
3173a	BR	N	N
3175a	BR	E	E
3176a	B	E	E
3177a	BR	N	N
3178a	B	E	E
3179a	BR	C	C
3180a	B	E	E
3183a	BR	N	N
3184a	BR	E	E
3185a	BR	E	E
3189a	R		N
3190a	B	N	N
3191a	R		N
3193a	R		N
3194a	BR	E	E
3195a	BR	C	C
3196a	B	E	E
3197a	BR	C	C
3198a	R		E
3199a	R		C
3204a	BR	N	N
3205a	BR	E	E
3206a	BR	C	C
3207a	R		E
3209a	BR	E	E
3210a	R		N
3211a	B	E	E
3212a	BR	E	E
3215a	BR	C	C
3216a	B	N	E
3219a	B	N	N
3220a	B	E	E
3225a	R		N
3226a	R		N
3229a	BR	N	N
3231a	B	C	C
3233a	B	N	C
3234a	BR	N	N
3235a	BR	N	N
3236a	R		N
3237a	BR	N	N
3239a	BR	E	E
3240a	BR	C	C
3241a	B	E	E
3244a	B	N	N
3245a	BR	E	E
3246a	BR	C	N
3247a	BR	E	E
3249a	BR	N	N
3251a	BR	C	N
3263a	BR	E	E
3266a	B	E	N
3267a	B	C	N
3268a	BR	E	E
3269a	BR	C	C
3270a	BR	E	N
3276a	B	E	N
3279a	B	N	N
3282a	B	N	N
3284a	B	N	N
3289a	B	N	N
3290a	BR	N	N
3293a	BR	N	N
3295a	BR	E	E
3296a	R		N
3297a	R		E
3300a	B	N	N
3301a	BR	C	C
3302a	B	E	E
3305a	B	E	E
3306a	B	E	E
3307a	B	N	C
3308a	BR	E	E
3309a	BR	C	C
3310a	BR	E	E
3312a	BR	N	N
3317a	R		E
3318a	BR	C	C
3320a	BR	N	E
3326a	R		E
3328a	BR	E	E
3331a	B	N	N
3333a	B	N	N
3334a	R		N
3335a	BR	E	E
3337a	BR	E	E
3341a	R		N
3343a	B	N	N
3348a	BR	E	E
3350a	B	E	E
3352a	B	N	N
3354a	B	E	E
3355a	B	E	E
3360a	BR	N	N
3365a	BR	C	C
3377a	BR	C	C
3379a	B	N	N
3380a	BR	N	N
3381a	B	N	N
3383a	BR	N	N
3387a	BR	C	C
3388a	BR	N	E
3390a	R		E
3391a	BR	C	C
3392a	B	E	E
3393a	BR	E	E
3399a	BR	E	N
3401a	BR	E	N
3402a	B	E	E
3403a	BR	C	N
3404a	BR	E	E
3406a	BR	E	E
3408a	B	E	E
3409a	BR	N	N
3410a	B	E	E
3415a	BR	N	C
3417a	R		N
3419a	R		N
3421a	B	N	N
3430a	BR	N	N
3431a	R		N
3434a	BR	C	C
3439a	BR	E	E
3441a	B	E	E
3442a	BR	N	E
3445a	BR	N	N
3446a	R		N
3447a	BR	N	N
3449a	B	N	E
3450a	BR	N	N
3455a	R		N
3456a	R		N
3457a	B	E	N
3458a	B	C	N
3463a	BR	N	C
3466a	R		E
3470a	BR	N	N
3473a	B	E	N
3474a	BR	N	N
3475a	BR	N	N
3476a	B	N	N
3477a	BR	N	N
3478a	BR	N	N
3481a	BR	C	C
3482a	R		N
3483a	R		N
3489a	B	E	N
3490a	B	N	N
3493a	BR	E	E
3497a	BR	E	N
3498a	BR	E	N
3499a	B	N	N
3502a	BR	C	C
3506a	R		E
3509a	B	C	N
3513a	BR	E	E
3515a	B	E	E
3519a	B	N	C
3520a	B	N	N
3521a	B	N	C
3522a	BR	E	E
3523a	BR	C	C
3524a	B	E	E
3525a	BR	C	C
3526a	B	N	N
3527a	BR	N	E
3531a	BR	C	C
3532a	B	E	E
3535a	R		N
3540a	B	N	N
3545a	B	N	N
3550a	BR	N	N
3551a	B	N	N
3553a	B	E	E
3555a	BR	E	E
3557a	BR	E	N
3558a	BR	E	E
3559a	BR	N	N
3560a	BR	E	N
3562a	BR	C	C
3563a	B	E	E
3564a	R		E
3570a	BR	N	C
3573a	BR	E	N
3575a	BR	E	E
3578a	BR	C	C
3581a	BR	N	N
3583a	BR	N	N
3585a	R		C
3587a	B	N	N
3588a	BR	N	E
3590a	R		E
3591a	B	C	C
3593a	B	E	E
3594a	B	N	N
3595a	BR	E	E
3596a	BR	C	C
3597a	BR	E	N
3599a	R		N
3600a	BR	C	E
3601a	BR	E	E
3605a	BR	N	N
3606a	BR	E	E
3608a	BR	N	N
3609a	BR	N	N
3610a	B	C	N
3612a	R		N
3613a	BR	N	N
3615a	B	E	E
3616a	BR	C	C
3617a	B	E	E
3619a	B	E	E
3621a	B	E	E
3622a	BR	C	N
3628a	BR	N	N
3631a	BR	N	N
3632a	B	N	E
3634a	B	N	N
3636a	BR	C	C
3637a	R		E
3641a	BR	N	E
3642a	B	N	N
3644a	B	E	E
3645a	BR	N	N
3648a	BR	C	C
3652a	BR	N	N
3654a	BR	N	N
3655a	BR	N	N
3656a	BR	N	N
3659a	BR	E	E
3660a	B	N	N
3662a	BR	N	N
3663a	BR	N	N
3664a	BR	N	N
3665a	B	N	N
3667a	BR	N	N
3671a	R		N
3674a	B	N	N
3675a	R		N
3676a	BR	N	N
3677a	BR	E	E
3678a	B	N	N
3679a	BR	E	E
3681a	BR	E	E
3683a	B	N	N
3688a	BR	N	E
3698a	BR	E	E
3700a	BR	N	N
3704a	BR	N	C
3706a	BR	N	N
3715a	BR	E	N
3716a	B	E	E
3717a	BR	C	C
3722a	BR	C	C
3723a	R		N
3724a	R		N
3726a	BR	N	N
3729a	R		N
3730a	BR	N	N
3731a	R		E
3732a	B	N	N
3734a	R		N
3735a	BR	N	N
3738a	B	N	N
3741a	B	E	E
3744a	BR	C	C
3745a	R		N
3749a	R		C
3754a	BR	E	N
3757a	BR	C	C
3763a	BR	E	E
3768a	B	E	E
3769a	BR	N	N
3771a	R		C
3772a	R		E
3773a	R		C
3775a	R		N
3778a	B	N	N
3782a	B	N	N
3786a	BR	N	N
3787a	B	N	N
3791a	B	N	N
3792a	B	E	E
3793a	BR	C	C
3794a	BR	E	N
3796a	B	C	N
3798a	B	E	E
3802a	BR	C	C
3806a	B	E	E
3808a	B	N	N
3810a	R		N
3811a	R		N
3813a	BR	C	C
3815a	R		E
3816a	BR	C	C
3817a	BR	N	E
3818a	R		N
3819a	BR	E	N
3822a	BR	E	N
3824a	B	N	N
3829a	B	E	E
3830a	BR	N	N
3832a	R		E
3833a	BR	C	C
3835a	BR	C	C
3837a	B	E	E
3841a	BR	C	C
3842a	B	E	E
3843a	B	E	E
3848a	BR	N	N
3849a	BR	N	C
3850a	B	N	E
3851a	BR	N	N
3854a	B	E	E
3858a	BR	E	N
3859a	B	N	N
3863a	BR	N	N
3865a	B	E	E
3867a	BR	E	E
3875a	R		E
3876a	B	E	E
3877a	B	N	N
3878a	BR	E	E
3879a	BR	C	C
3881a	B	C	C
3888a	BR	N	N
3889a	B	N	N
3891a	BR	N	N
3894a	BR	E	E
3896a	BR	E	E
3900a	BR	N	N
3902a	BR	N	N
3906a	B	N	C
3907a	BR	E	E
3911a	B	E	E
3913a	BR	C	C
3916a	BR	E	N
3918a	BR	E	N
3919a	BR	C	C
3923a	B	E	N
3925a	BR	N	N
3926a	B	E	N
3927a	BR	N	N
3928a	BR	N	N
3931a	BR	N	N
3932a	BR	N	N
3933a	BR	N	N
3937a	B	N	N
3944a	BR	C	C
3945a	BR	E	E
3946a	BR	C	C
3950a	R		C
3952a	BR	E	E
3953a	BR	N	N
3954a	R		E
3959a	BR	N	N
3960a	BR	E	E
3962a	BR	E	E
3963a	BR	E	E
3964a	BR	N	N
3965a	BR	E	E
3966a	BR	C	C
3967a	B	N	N
3968a	BR	N	N
3969a	BR	N	N
3971a	R		N
3974a	B	E	E
3975a	BR	E	N
3977a	BR	N	N
3978a	B	N	N
3979a	BR	C	C
3981a	BR	E	E
3983a	R		E
3988a	B	N	N
3991a	BR	C	C
3997a	BR	N	N
4000a	BR	N	N
4003a	B	E	N
4005a	BR	C	C
4008a	B	E	E
4009a	BR	N	N
4010a	B	E	N
4016a	BR	N	C
4018a	BR	E	E
4019a	B	N	N
4022a	R		C
4023a	R		N
4024a	B	E	E
4025a	B	E	E
4026a	R		C
4027a	R		E
4029a	BR	E	N
4030a	R		N
4032a	R		N
4035a	R		N
4039a	BR	N	N
4042a	BR	N	N
4044a	BR	N	N
4048a	R		C
4051a	BR	E	E
4052a	BR	N	N
4053a	B	E	E
4055a	BR	C	C
4057a	BR	C	C
4059a	BR	N	N
4064a	BR	E	C
4070a	R		N
4073a	BR	N	N
4075a	BR	N	N
4077a	BR	C	C
4078a	BR	N	N
4080a	BR	C	C
4081a	BR	E	N
4082a	R		E
4089a	BR	C	C
4091a	BR	N	N
4092a	BR	N	N
4093a	R		N
4095a	BR	N	N
4096a	BR	E	N
4097a	BR	E	E
4098a	B	E	E
4099a	B	N	N
4101a	B	C	C
4103a	B	N	N
4104a	B	N	N
4106a	BR	N	N
4107a	R		E
4110a	BR	C	C
4111a	R		E
4116a	R		E
4121a	R		N
4122a	R		N
4124a	B	N	N
4128a	BR	C	C
4129a	BR	N	N
4130a	BR	N	N
4131a	R		N
4138a	BR	E	E
4139a	BR	C	C
4143a	BR	N	N
4144a	BR	N	N
4150a	BR	N	N
4151a	R		N
4153a	BR	N	N
4158a	R		N
4159a	BR	N	N
4160a	R		N
4161a	B	N	N
4166a	R		N
4167a	R		N
4169a	R		N
4170a	R		N
4171a	BR	E	N
4172a	R		N
4175a	BR	C	C
4177a	B	C	N
4180a	B	E	E
4182a	BR	C	C
4184a	BR	C	C
4186a	BR	N	N
4188a	BR	N	N
4189a	B	E	N
4190a	BR	N	N
4192a	B	E	E
4198a	B	N	N
4200a	BR	N	N
4201a	BR	E	E
4203a	BR	E	E
4204a	B	C	C
4206a	R		C
4208a	BR	N	N
4210a	R		E
4211a	BR	C	C
4215a	BR	N	N
4217a	B	N	N
4218a	BR	N	N
4222a	BR	N	C
4224a	BR	N	N
4225a	BR	N	N
4226a	BR	N	N
4227a	BR	N	N
4229a	BR	N	N
4230a	BR	E	E
4233a	B	N	N
4234a	BR	N	N
4237a	R		E
4240a	BR	C	C
4241a	R		N
4243a	R		N
4245a	R		N
4249a	B	C	C
4250a	BR	E	N
4255a	BR	C	C
4256a	BR	E	E
4258a	BR	N	N
4261a	B	N	N
4262a	B	N	N
4263a	B	N	N
4264a	B	N	N
4268a	R		N
4270a	R		E
4271a	B	C	N
4273a	R		N
4276a	R		C
4278a	R		C
4281a	BR	N	E
4285a	BR	C	C
4286a	B	E	E
4292a	BR	E	E
4293a	BR	E	E
4294a	B	N	N
4296a	R		C
4297a	BR	E	N
4298a	BR	C	C
4300a	B	N	N
4302a	R		E
4303a	R		C
4309a	B	N	N
4310a	R		N
4311a	R		N
4313a	B	E	E
4314a	R		C
4317a	R		N
4319a	R		N
4324a	BR	C	C
4326a	BR	E	N
4327a	BR	C	C
4331a	B	N	N
4332a	BR	E	E
4333a	B	N	N
4334a	R		C
4337a	BR	N	N
4343a	BR	C	C
4345a	B	C	C
4352a	BR	C	C
4353a	BR	E	E
4355a	BR	N	N
4356a	BR	N	N
4358a	BR	N	N
4362a	R		N
4366a	R		N
4367a	R		N
4368a	B	N	N
4372a	BR	C	C
4373a	R		E
4374a	B	C	C
4375a	R		N
4380a	R		E
4383a	BR	C	C
4389a	R		E
4391a	R		E
4397a	R		E
4399a	BR	C	C
4400a	R		E
4402a	R		E
4403a	BR	C	C
4404a	R		E
4405a	BR	C	C
4406a	BR	E	E
4409a	BR	E	E
4413a	BR	N	N
4415a	BR	N	N
4416a	BR	E	E
4419a	R		C
4420a	B	N	N
4421a	BR	N	N
4422a	B	N	N
4423a	BR	N	N
4424a	BR	N	N
4425a	B	E	E
4427a	BR	E	E
4428a	BR	C	C
4430a	B	N	N
4433a	B	N	N
4434a	BR	E	E
4436a	BR	E	E
4437a	BR	C	C
4438a	R		N
4441a	BR	N	N
4444a	R		C
4448a	BR	N	N
4449a	B	N	N
4450a	BR	N	N
4451a	BR	N	N
4452a	BR	E	E
4453a	BR	C	C
4455a	BR	C	C
4456a	B	N	N
4459a	BR	C	C
4460a	BR	E	E
4461a	BR	E	E
4462a	BR	C	C
4463a	B	N	E
4465a	BR	N	N
4466a	B	N	N
4467a	R		N
4470a	B	E	E
4474a	BR	N	N
4475a	BR	N	N
4476a	B	N	N
4478a	BR	N	N
4479a	R		E
4480a	BR	C	C
4482a	BR	C	C
4483a	B	N	N
4484a	B	N	N
4485a	BR	N	N
4488a	BR	E	N
4489a	BR	C	C
4491a	B	N	N
4493a	B	N	N
4494a	BR	E	E
4495a	BR	C	N
4496a	BR	E	N
4499a	R		E
4500a	BR	C	C
4502a	B	N	N
4504a	B	N	N
4506a	B	N	N
4508a	R		E
4510a	R		E
4512a	BR	N	N
4518a	BR	C	C
4521a	R		N
4527a	B	C	C
4528a	BR	E	E
4532a	BR	N	N
4535a	BR	E	E
4536a	BR	C	C
4537a	BR	E	E
4538a	BR	C	C
4539a	BR	E	N
4542a	R		N
4543a	BR	N	N
4547a	BR	C	C
4548a	R		N
4550a	R		N
4552a	R		C
4554a	R		C
4555a	B	E	E
4557a	BR	N	N
4560a	R		N
4561a	BR	N	N
4563a	BR	C	C
4566a	BR	E	E
4568a	BR	E	E
4571a	B	E	E
4572a	R		C
4575a	BR	N	N
4576a	BR	N	N
4577a	BR	N	N
4578a	BR	N	N
4582a	R		E
4584a	R		N
4586a	R		E
4587a	BR	C	C
4589a	BR	N	E
4591a	BR	E	E
4592a	BR	C	C
4593a	BR	N	N
4594a	BR	N	N
4598a	R		E
4600a	BR	E	E
4602a	R		E
4603a	BR	C	N
4604a	R		E
4618a	B	N	N
4620a	B	E	E
4621a	R		N
4622a	B	E	E
4623a	BR	C	C
4624a	B	E	E
4625a	R		E
4627a	BR	E	N
4628a	BR	C	C
4629a	B	N	N
4631a	B	N	N
4639a	BR	N	N
4640a	R		N
4641a	BR	N	N
4642a	BR	N	N
4645a	BR	N	N
4647a	B	E	E
4649a	B	E	E
4654a	BR	N	E
4655a	BR	C	C
4657a	B	N	N
4658a	B	N	N
4667a	BR	N	N
4670a	BR	E	N
4672a	BR	E	N
4675a	BR	N	E
4677a	BR	N	N
4678a	BR	N	N
4682a	BR	C	C
4684a	BR	C	C
4690a	BR	E	E
4691a	R		C
4692a	BR	E	E
4693a	R		N
4694a	B	N	N
4695a	B	N	N
4698a	B	N	N
4703a	B	N	N
4704a	BR	N	N
4705a	R		N
4706a	R		N
4708a	BR	E	E
4709a	BR	C	C
4714a	B	N	N
4715a	B	N	N
4719a	BR	E	N
4721a	BR	C	C
4722a	BR	N	N
4723a	B	N	N
4726a	BR	N	N
4727a	BR	N	N
4730a	BR	E	E
4732a	BR	E	E
4733a	R		C
4736a	BR	E	E
4737a	BR	N	E
4738a	BR	C	C
4739a	BR	E	E
4741a	BR	E	N
4744a	BR	N	N
4747a	B	N	E
4748a	BR	E	E
4749a	BR	C	C
4750a	BR	E	E
4751a	R		C
4754a	B	N	N
4757a	B	E	E
4758a	BR	N	N
4765a	BR	N	N
4768a	B	E	E
4770a	BR	N	N
4772a	B	N	N
4773a	B	N	N
4775a	R		E
4778a	R		C
4779a	B	E	E
4781a	R		E
4783a	BR	E	E
4784a	R		E
4785a	R		C
4786a	BR	E	E
4787a	BR	C	C
4789a	B	N	N
4791a	B	N	N
4792a	B	N	N
4801a	BR	E	E
4804a	R		N
4809a	BR	N	N
4818a	BR	C	C
4827a	BR	C	C
4828a	B	E	E
4829a	BR	C	C
4830a	R		E
4833a	BR	N	N
4834a	B	C	C
4835a	BR	E	N
4837a	BR	N	N
4838a	BR	N	N
4840a	B	N	N
4841a	BR	N	N
4846a	B	N	N
4850a	B	N	N
4854a	BR	C	C
4856a	BR	N	N
4861a	BR	C	C
4862a	BR	E	E
4864a	BR	N	N
4865a	B	N	N
4868a	B	N	N
4870a	BR	C	C
4871a	BR	E	E
4873a	R		N
4875a	BR	N	N
4876a	BR	N	N
4878a	BR	E	E
4884a	BR	E	E
4887a	BR	N	E
4889a	B	E	E
4890a	BR	C	C
4892a	BR	N	C
4893a	B	N	E
4894a	BR	N	N
4895a	B	N	E
4896a	R		E
4897a	BR	C	C
4899a	BR	C	C
4902a	B	N	N
4904a	B	N	N
4906a	BR	C	C
4907a	R		E
4908a	BR	C	C
4909a	BR	N	N
4910a	BR	N	N
4914a	R		E
4917a	BR	C	C
4923a	R		N
4924a	BR	C	C
4925a	BR	E	E
4927a	BR	N	N
4930a	R		N
4931a	BR	N	N
4935a	BR	N	E
4943a	BR	N	N
4945a	R		E
4952a	BR	N	N
4955a	BR	C	C
4956a	B	E	E
4958a	B	N	N
4962a	B	N	N
4969a	R		N
4972a	B	E	E
4973a	B	C	C
4976a	BR	N	N
4979a	BR	N	N
4980a	B	N	N
4984a	B	N	N
4986a	B	N	N
4987a	B	N	N
4988a	B	N	N
4993a	BR	C	C
4994a	B	N	N
4995a	R		N
4999a	R		E
5001a	R		E
5004a	R		N
5006a	R		E
5008a	R		N
5009a	BR	C	C
5013a	B	N	N
5016a	R		N
5019a	BR	E	N
5020a	R		E
5021a	BR	C	C
5028a	BR	E	E
5029a	BR	C	C
5034a	BR	C	C
5035a	BR	N	N
5036a	BR	E	E
5038a	BR	E	E
5041a	R		E
5042a	BR	C	C
5043a	R		N
5044a	B	N	N
5054a	BR	N	N
5055a	BR	N	N
5057a	R		E
5059a	BR	E	E
5061a	B	E	E
5062a	B	C	C
5063a	R		E
5065a	B	E	E
5066a	R		E
5067a	BR	C	C
5068a	B	E	E
5069a	BR	C	C
5070a	BR	N	N
5071a	BR	N	N
5075a	R		E
5076a	BR	C	C
5077a	R		E
5084a	BR	E	E
5087a	BR	N	N
5088a	B	N	N
5090a	B	N	N
5093a	BR	E	E
5094a	BR	C	C
5095a	R		E
5098a	B	N	N
5099a	B	N	N
5101a	BR	N	N
5103a	B	N	N
5104a	BR	E	E
5106a	BR	E	E
5108a	R		E
5111a	B	N	E
5112a	BR	C	C
5118a	BR	N	N
5120a	R		E
5122a	R		E
5126a	B	N	N
5128a	B	N	N
5129a	B	E	E
5130a	BR	C	C
5131a	BR	E	N
5138a	BR	E	N
5140a	B	N	E
5143a	R		N
5144a	R		N
5146a	B	N	N
5150a	BR	C	C
5151a	B	N	N
5152a	B	N	N
5156a	B	E	E
5157a	BR	C	C
5158a	B	E	E
5159a	R		N
5162a	R		N
5164a	R		N
5165a	B	E	E
5172a	BR	N	N
5173a	B	N	N
5174a	B	E	E
5179a	BR	C	C
5180a	R		E
5181a	BR	C	N
5182a	BR	E	E
5183a	R		E
5184a	BR	E	N
5185a	B	E	E
5188a	B	N	N
5190a	B	N	N
5192a	BR	E	E
5193a	BR	C	C
5194a	BR	E	E
5196a	B	N	N
5200a	B	N	N
5202a	BR	E	N
5205a	B	N	N
5207a	B	N	N
5209a	BR	N	N
5210a	BR	E	N
5211a	BR	C	C
5213a	BR	C	C
5214a	B	N	N
5217a	BR	N	N
5218a	BR	N	N
5221a	B	N	N
5222a	BR	N	N
5224a	B	N	N
5228a	B	N	E
5229a	BR	C	C
5230a	R		N
5233a	B	N	N
5235a	B	N	N
5237a	BR	E	E
5240a	R		C
5241a	BR	N	N
5243a	BR	N	N
5245a	BR	N	N
5250a	R		N
5252a	BR	N	N
5257a	B	E	E
5259a	B	E	E
5265a	BR	C	C
5266a	BR	E	E
5268a	BR	E	E
5270a	B	E	N
5271a	BR	C	C
5272a	BR	E	E
5273a	BR	E	E
5274a	BR	C	C
5275a	R		E
5279a	B	E	E
5280a	B	C	C
5281a	R		E
5283a	R		C
5284a	B	E	E
5285a	R		C
5286a	BR	E	E
5287a	B	C	C
5289a	B	N	N
5290a	B	E	E
5292a	R		C
5293a	BR	E	E
5295a	BR	N	N
5297a	B	N	N
5299a	BR	N	N
5300a	R		E
5301a	BR	C	C
5302a	R		E
5305a	BR	C	C
5307a	BR	C	C
5308a	BR	E	E
5309a	R		E
5312a	R		C
5315a	R		E
5316a	BR	C	N
5320a	R		E
5322a	R		N
5323a	BR	N	N
5326a	BR	N	E
5328a	R		C
5330a	B	N	N
5331a	BR	E	E
5332a	BR	N	N
5336a	B	E	E
5337a	BR	C	C
5339a	BR	C	C
5343a	B	N	N
5344a	B	N	N
5353a	B	E	E
5354a	R		E
5355a	BR	C	C
5360a	R		E
5365a	BR	N	N
5366a	BR	C	C
5367a	BR	N	N
5368a	R		N
5371a	BR	N	N
5375a	BR	C	C
5381a	BR	E	E
5386a	BR	N	N
5390a	BR	E	E
5392a	BR	E	E
5394a	BR	N	E
5396a	BR	N	E
5400a	BR	N	N
5402a	BR	C	C
5403a	BR	N	N
5408a	R		E
5410a	BR	E	E
5412a	BR	E	N
5413a	BR	C	N
5416a	B	N	N
5417a	BR	E	E
5418a	B	N	C
5421a	B	N	N
5422a	BR	N	N
5424a	B	N	N
5425a	B	N	N
5428a	BR	E	E
5430a	B	E	E
5431a	B	C	N
5433a	BR	C	N
5438a	BR	C	C
5441a	R		N
5442a	R		N
5444a	BR	E	E
5445a	BR	C	C
5448a	BR	E	E
5450a	R		E
5451a	BR	N	C
5452a	B	N	E
5453a	BR	E	E
5465a	BR	C	C
5469a	B	C	C
5470a	B	N	E
5472a	BR	C	C
5473a	R		E
5475a	B	N	N
5479a	B	N	N
5481a	BR	N	N
5482a	B	E	E
5484a	B	E	E
5485a	R		E
5486a	BR	N	N
5488a	BR	E	N
5490a	BR	C	C
5493a	R		N
5494a	B	N	N
5499a	R		C
5506a	BR	N	N
5509a	BR	E	E
5511a	BR	E	E
5515a	BR	N	N
5516a	B	E	E
5517a	BR	C	C
5519a	B	N	N
5524a	R		N
5527a	B	E	E
5528a	BR	C	C
5529a	B	N	N
5536a	BR	N	E
5539a	B	N	N
5541a	B	N	N
5542a	B	N	N
5543a	BR	E	E
5544a	BR	C	C
5547a	B	N	N
5550a	B	N	N
5551a	BR	N	N
5557a	BR	N	N
5559a	BR	N	N
5562a	BR	C	C
5564a	R		C
5566a	B	N	N
5567a	B	E	E
5570a	B	E	E
5571a	BR	C	C
5572a	BR	E	E
5573a	R		N
5574a	BR	E	E
5576a	B	E	E
5577a	B	C	C
5578a	BR	E	E
5579a	BR	E	E
5581a	B	E	E
5583a	B	N	N
5585a	BR	N	N
5589a	R		C
5590a	BR	E	N
5592a	B	E	N
5594a	R		N
5596a	B	E	E
5597a	BR	E	E
5598a	BR	C	C
5599a	BR	E	E
5600a	BR	C	C
5601a	BR	N	N
5605a	BR	N	N
5606a	BR	E	E
5611a	BR	N	N
5616a	BR	C	C
5622a	B	C	C
5625a	R		N
5626a	BR	E	E
5628a	BR	N	N
5629a	BR	N	N
5630a	BR	N	N
5631a	BR	N	N
5635a	B	E	E
5636a	BR	C	C
5638a	BR	N	N
5639a	R		E
5644a	BR	E	E
5648a	B	E	N
5650a	R		N
5652a	BR	C	C
5655a	BR	N	N
5658a	R		N
5660a	BR	E	E
5661a	R		C
5662a	BR	E	E
5665a	BR	N	N
5666a	BR	N	N
5667a	BR	N	N
5669a	R		E
5670a	R		N
5672a	BR	N	N
5673a	BR	E	E
5674a	R		N
5681a	BR	C	C
5682a	R		N
5684a	B	N	N
5685a	R		N
5686a	BR	N	N
5688a	BR	C	C
5689a	B	E	E
5690a	R		C
5692a	BR	N	N
5699a	BR	C	C
5700a	B	N	N
5702a	B	E	E
5703a	BR	C	C
5704a	B	E	E
5705a	BR	E	E
5707a	R		E
5708a	R		C
5709a	BR	E	E
5711a	BR	E	E
5713a	R		E
5714a	BR	E	N
5715a	R		C
5716a	B	E	E
5719a	BR	N	N
5720a	BR	N	N
5721a	R		N
5723a	BR	N	E
5724a	BR	C	C
5726a	BR	C	C
5727a	R		E
5729a	B	N	E
5730a	R		N
5731a	B	N	C
5734a	B	E	E
5735a	BR	N	N
5738a	B	N	N
5743a	BR	N	E
5746a	BR	N	N
5748a	B	C	N
5754a	R		N
5757a	B	N	N
5759a	R		E
5760a	BR	N	N
5763a	R		C
5766a	BR	N	N
5767a	B	N	N
5769a	B	N	N
5771a	BR	C	C
5774a	BR	N	N
5775a	BR	N	N
5778a	B	E	E
5780a	BR	N	N
5782a	R		C
5783a	BR	N	N
5784a	BR	N	N
5785a	BR	N	N
5786a	B	N	N
5789a	BR	C	C
5790a	R		E
5793a	R		N
5795a	BR	C	C
5796a	B	E	E
5798a	BR	C	C
5800a	BR	C	C
5802a	B	N	N
5803a	B	N	N
5804a	BR	N	N
5805a	BR	N	N
5807a	R		C
5808a	BR	E	E
5809a	BR	E	C
5814a	B	N	N
5817a	BR	N	N
5818a	R		C
5830a	R		N
5831a	R		N
5832a	BR	N	N
5833a	BR	N	N
5837a	BR	N	N
5838a	BR	N	N
5840a	B	N	N
5843a	R		C
5844a	B	E	E
5849a	R		C
5858a	R		N
5862a	BR	E	E
5863a	R		C
5866a	B	E	E
5868a	B	E	E
5869a	BR	E	E
5870a	BR	E	N
5871a	BR	E	E
5873a	BR	E	N
5877a	BR	E	E
5878a	B	N	E
5880a	BR	E	E
5881a	B	N	N
5884a	B	N	N
5888a	BR	N	N
5889a	BR	E	E
5891a	BR	N	N
5892a	BR	N	N
5893a	BR	N	N
5896a	BR	E	N
5897a	BR	E	N
5903a	R		N
5908a	BR	C	C
5910a	B	N	N
5912a	BR	N	N
5913a	B	N	N
5915a	BR	E	N
5916a	R		E
5917a	BR	C	C
5921a	B	N	N
5925a	BR	N	E
5926a	BR	N	N
5927a	BR	N	N
5929a	BR	N	N
5932a	BR	E	E
5933a	BR	N	N
5934a	BR	E	E
5935a	BR	C	C
5939a	R		N
5940a	B	E	N
5942a	BR	C	C
5945a	BR	N	N
5946a	BR	N	N
5949a	BR	N	N
5950a	R		N
5951a	R		N
5953a	BR	C	C
5954a	B	E	E
5957a	R		N
5958a	BR	E	N
5959a	B	C	N
5961a	R		E
5962a	B	N	N
5963a	BR	E	N
5967a	R		N
5969a	BR	N	N
5971a	R		N
5972a	BR	E	E
5973a	BR	E	N
5974a	B	N	N
5980a	B	N	N
5981a	BR	N	N
5984a	B	E	N
5985a	BR	E	E
5993a	R		N
5994a	B	E	E
5995a	R		C
5997a	BR	C	C
5998a	BR	N	N
5999a	BR	N	N
6002a	BR	N	N
6003a	B	E	E
6004a	BR	C	C
6008a	BR	N	N
6009a	B	N	C
6010a	BR	N	N
6011a	BR	N	N
6012a	B	N	N
6013a	R		N
6016a	B	N	N
6018a	BR	N	N
6019a	BR	E	N
6021a	BR	N	N
6023a	BR	N	N
6024a	BR	E	N
6025a	BR	E	E
6026a	BR	C	C
6031a	BR	N	N
6033a	BR	N	N
6034a	R		N
6036a	BR	E	E
6039a	BR	N	N
6040a	R		N
6043a	R		N
6046a	B	N	N
6048a	BR	N	N
6049a	BR	N	N
6055a	BR	N	N
6057a	BR	C	C
6058a	BR	N	N
6059a	BR	N	N
6062a	BR	N	N
6063a	R		E
6064a	BR	C	C
6066a	B	N	N
6067a	BR	N	N
6069a	BR	N	N
6070a	BR	N	N
6071a	BR	N	N
6073a	BR	N	N
6074a	BR	E	E
6076a	B	E	E
6079a	BR	C	C
6081a	B	N	N
6087a	BR	N	N
6089a	B	N	N
6090a	BR	N	N
6091a	BR	N	N
6094a	R		E
6097a	BR	N	N
6100a	BR	E	E
6102a	BR	N	N
6107a	R		N
6110a	B	N	N
6111a	B	N	N
6113a	B	N	N
6114a	R		E
6115a	B	N	N
6116a	B	E	E
6118a	R		E
6121a	R		N
6124a	BR	C	C
6125a	B	E	E
6126a	BR	N	C
6129a	BR	N	N
6130a	BR	N	N
6132a	B	E	E
6134a	B	N	N
6138a	R		N
6139a	BR	N	N
6140a	B	N	N
6141a	B	N	N
6142a	BR	N	N
6143a	B	E	E
6148a	B	N	N
6149a	R		N
6151a	B	N	N
6156a	R		N
6162a	BR	N	C
6163a	B	E	E
6165a	BR	N	N
6166a	BR	N	N
6167a	BR	N	N
6168a	BR	N	N
6172a	BR	E	N
6173a	R		E
6177a	BR	N	N
6181a	BR	N	N
6182a	BR	N	N
6184a	R		C
6189a	BR	N	N
6190a	BR	N	N
6192a	R		E
6196a	BR	N	N
6201a	BR	E	E
6204a	BR	E	E
6207a	BR	N	N
6210a	BR	N	N
6216a	BR	N	N
6217a	BR	N	C
6220a	BR	N	E
6221a	BR	E	E
6222a	B	C	N
6223a	B	E	E
6226a	B	N	N
6227a	B	N	N
6229a	B	N	N
6230a	B	E	E
6235a	BR	N	N
6237a	BR	N	N
6238a	BR	N	N
6240a	R		N
6244a	BR	N	N
6245a	BR	N	N
6247a	B	N	N
6251a	R		C
6252a	R		N
6254a	BR	N	N
6255a	BR	N	N
6256a	BR	E	N
6257a	B	C	C
6260a	B	C	C
6261a	BR	E	E
6262a	BR	N	N
6264a	B	N	N
6265a	R		E
6268a	BR	E	E
6269a	BR	C	C
6270a	B	E	E
6271a	BR	N	N
6273a	R		N
6274a	R		N
6275a	R		N
6276a	B	N	N
6277a	BR	E	E
6279a	B	E	C
6281a	BR	N	N
6282a	BR	E	E
6283a	BR	N	N
6284a	B	E	E
6285a	BR	N	N
6289a	B	C	C
6294a	B	N	N
6296a	BR	N	N
6298a	R		N
6303a	BR	N	N
6304a	BR	N	N
6312a	B	N	N
6314a	R		N
6320a	BR	N	N
6322a	R		N
6323a	R		N
6324a	B	E	E
6325a	BR	C	C
6328a	R		C
6329a	B	N	N
6331a	B	N	N
6332a	BR	N	C
6339a	BR	C	C
6340a	B	E	N
6341a	B	C	N
6343a	R		C
6351a	B	N	N
6352a	B	N	N
6354a	R		N
6355a	B	E	E
6356a	BR	N	C
6361a	B	E	N
6364a	B	E	E
6365a	BR	E	C
6367a	B	C	C
6369a	R		N
6371a	BR	N	N
6374a	B	N	N
6376a	BR	N	N
6378a	BR	C	C
6379a	B	E	N
6380a	BR	N	N
6383a	B	N	N
6384a	B	N	N
6388a	BR	E	E
6389a	BR	C	C
6391a	B	N	N
6393a	B	N	N
6398a	B	E	N
6399a	BR	N	N
6400a	BR	N	N
6401a	BR	N	N
6403a	BR	N	N
6406a	B	E	N
6408a	B	N	N
6409a	BR	N	N
6410a	BR	N	N
6413a	BR	N	N
6414a	BR	N	N
6415a	R		E
6416a	BR	C	C
6418a	BR	N	N
6422a	R		N
6425a	BR	N	N
6427a	BR	C	C
6428a	BR	E	E
6430a	R		N
6431a	BR	N	N
6433a	B	N	N
6435a	BR	N	N
6436a	B	N	N
6437a	B	E	E
6438a	R		C
6439a	B	E	E
6440a	R		N
6441a	BR	N	N
6442a	BR	N	N
6445a	BR	N	N
6446a	B	E	E
6449a	B	N	N
6451a	BR	N	N
6453a	B	N	N
6455a	B	N	N
6456a	BR	N	N
6457a	BR	E	E
6459a	BR	E	N
6461a	BR	N	N
6462a	B	N	N
6464a	B	N	N
6465a	R		N
6466a	R		N
6472a	B	N	N
6473a	B	C	N
6474a	B	E	E
6475a	R		N
6476a	B	E	E
6479a	B	E	E
6481a	BR	N	N
6483a	BR	N	N
6484a	R		N
6485a	B	N	E
6486a	BR	E	E
6487a	BR	N	N
6490a	BR	N	N
6493a	BR	N	N
6494a	BR	N	N
6498a	BR	N	C
6501a	B	N	N
6502a	B	N	N
6503a	BR	N	N
6504a	R		N
6505a	R		N
6507a	BR	C	C
6509a	BR	C	C
6512a	BR	N	N
6515a	BR	E	E
6516a	BR	C	C
6518a	B	E	E
6519a	BR	C	C
6520a	B	N	N
6522a	B	N	N
6523a	B	N	N
6524a	BR	N	N
6525a	B	N	N
6526a	B	E	E
6528a	B	E	E
6530a	B	E	N
6533a	B	N	N
6534a	R		N
6537a	R		E
6538a	BR	C	C
6541a	B	E	E
6542a	R		C
6547a	R		C
6551a	R		N
6553a	R		N
6556a	R		C
6560a	B	N	N
6561a	BR	N	N
6562a	BR	N	N
6564a	BR	E	E
6570a	B	N	N
6571a	BR	N	N
6573a	B	N	E
6574a	BR	N	N
6581a	B	N	N
6583a	R		N
6585a	B	N	N
6586a	B	E	E
6587a	B	E	C
6594a	B	N	N
6596a	R		C
6601a	B	N	N
6602a	R		E
6608a	BR	N	N
6609a	BR	N	N
6611a	BR	E	E
6612a	BR	C	C
6613a	B	E	E
6616a	BR	N	N
6621a	BR	N	N
6622a	B	E	E
6623a	BR	C	C
6624a	R		N
6627a	B	N	N
6628a	B	N	N
6629a	B	E	E
6630a	BR	C	C
6633a	B	N	N
6636a	BR	N	N
6637a	R		C
6639a	B	N	E
6641a	BR	C	C
6642a	BR	E	E
6643a	BR	N	C
6645a	BR	N	N
6650a	B	N	N
6651a	B	E	E
6652a	BR	E	N
6653a	BR	E	N
6654a	BR	N	N
6655a	BR	N	N
6660a	B	E	E
6661a	B	C	C
6662a	BR	E	E
6663a	B	C	C
6666a	BR	N	N
6667a	BR	N	N
6668a	BR	N	N
6672a	BR	C	C
6676a	BR	N	N
6677a	BR	N	N
6679a	R		N
6680a	B	E	E
6681a	B	C	C
6682a	R		N
6685a	R		N
6686a	R		N
6689a	R		E
6690a	B	C	C
6691a	B	N	E
6693a	BR	N	E
6699a	BR	C	C
6702a	B	N	N
6703a	R		N
6704a	R		N
6706a	B	N	N
6707a	R		E
6708a	BR	C	C
6710a	B	N	N
6712a	BR	N	N
6713a	R		N
6716a	BR	E	E
6718a	B	E	N
6719a	BR	N	N
6722a	BR	N	N
6724a	BR	N	N
6726a	B	C	C
6727a	R		E
6730a	BR	N	N
6732a	BR	N	N
6734a	R		E
6737a	BR	C	C
6739a	BR	N	N
6741a	BR	N	N
6743a	BR	N	N
6744a	BR	N	N
6749a	BR	N	N
6751a	BR	N	N
6753a	BR	N	E
6759a	BR	N	N
6763a	B	E	E
6767a	BR	C	C
6774a	BR	E	E
6776a	BR	E	E
6779a	R		N
6780a	R		N
6782a	B	N	N
6783a	B	E	E
6785a	BR	E	E
6786a	BR	C	C
6787a	BR	N	N
6788a	BR	N	N
6790a	BR	N	N
6792a	B	E	E
6793a	BR	N	N
6794a	BR	E	E
6795a	BR	N	N
6796a	B	N	N
6797a	BR	N	N
6798a	BR	N	N
6801a	BR	E	E
6803a	R		N
6806a	BR	N	N
6807a	B	N	N
6808a	BR	N	N
6809a	BR	N	N
6811a	BR	N	N
6815a	B	C	N
6817a	R		N
6818a	R		N
6820a	R		E
6821a	BR	E	E
6823a	B	E	N
6826a	BR	N	N
6827a	B	N	N
6828a	BR	N	N
6829a	BR	N	N
6831a	BR	N	N
6832a	BR	E	E
6835a	R		C
6836a	BR	N	N
6837a	BR	N	N
6838a	BR	N	N
6839a	R		N
6841a	BR	E	E
6842a	B	N	N
6844a	B	N	N
6846a	BR	N	N
6848a	R		N
6850a	B	N	N
6852a	B	E	E
6853a	BR	E	N
6854a	B	E	E
6856a	B	E	E
6858a	R		N
6859a	BR	N	N
6860a	BR	N	E
6861a	BR	E	E
6864a	BR	C	C
6867a	R		N
6871a	BR	N	N
6872a	BR	E	E
6873a	BR	C	C
6874a	B	N	E
6876a	B	N	N
6878a	B	N	E
6881a	BR	E	E
6882a	BR	N	N
6883a	R		N
6886a	R		N
6888a	B	E	E
6889a	BR	C	C
6891a	R		N
6892a	R		N
6893a	B	N	N
6895a	B	N	N
6898a	B	C	C
6900a	BR	C	C
6904a	R		N
6906a	B	E	E
6908a	BR	E	E
6909a	BR	C	C
6910a	BR	N	N
6911a	B	N	N
6915a	B	C	E
6916a	BR	C	C
6917a	BR	E	E
6925a	BR	N	N
6926a	BR	E	E
6928a	BR	E	E
6929a	B	C	C
6930a	BR	N	E
6933a	BR	N	N
6935a	BR	E	E
6936a	B	N	N
6937a	B	N	N
6938a	B	E	E
6939a	R		N
6941a	BR	N	N
6943a	BR	N	N
6944a	R		N
6949a	R		C
6951a	BR	N	N
6952a	BR	N	N
6953a	BR	N	N
6954a	BR	N	N
6956a	BR	N	N
6959a	BR	E	E
6960a	B	N	N
6962a	BR	N	N
6963a	BR	N	N
6965a	BR	N	N
6967a	BR	N	N
6972a	B	N	N
6973a	BR	N	N
6976a	BR	N	N
6977a	BR	N	N
6984a	B	N	N
6985a	BR	N	N
6986a	BR	N	N
6988a	BR	E	E
6989a	B	N	N
6990a	B	E	E
6999a	B	E	E
7003a	BR	N	N
7010a	B	N	E
7011a	R		C
7012a	BR	E	E
7014a	R		E
7015a	B	E	E
7017a	BR	E	N
7023a	BR	N	N
7024a	BR	N	N
7029a	BR	C	C
7030a	BR	N	N
7031a	B	N	N
7032a	BR	N	E
7033a	R		N
7034a	BR	N	N
7036a	B	N	N
7037a	R		N
7038a	B	E	E
7039a	BR	C	C
7041a	BR	N	N
7042a	B	N	N
7046a	R		E
7047a	BR	C	C
7048a	BR	E	E
7049a	BR	C	C
7050a	BR	N	N
7051a	R		N
7052a	R		N
7053a	B	N	N
7055a	B	E	E
7057a	R		E
7059a	R		E
7062a	BR	N	N
7065a	BR	C	C
7067a	B	N	N
7068a	BR	N	N
7069a	BR	N	N
7071a	BR	N	N
7072a	R		N
7073a	B	E	E
7075a	B	E	E
7076a	BR	C	C
7078a	BR	N	N
7079a	BR	N	N
7080a	B	N	N
7089a	B	N	N
7091a	B	N	N
7095a	B	N	N
7096a	BR	E	C
7097a	BR	N	N
7098a	B	N	N
7102a	B	E	E
7106a	BR	E	N
7107a	R		N
7109a	R		N
7111a	BR	N	N
7112a	R		N
7113a	B	E	E
7114a	BR	C	C
7115a	BR	E	E
7117a	B	N	N
7122a	BR	E	E
7128a	BR	E	E
7129a	B	N	N
7130a	BR	E	E
7131a	B	E	E
7132a	B	N	N
7134a	BR	N	E
7135a	B	N	N
7136a	BR	N	E
7137a	B	N	C
7140a	BR	E	N
7141a	BR	E	E
7142a	B	E	E
7146a	B	N	N
7147a	BR	N	N
7148a	BR	N	N
7149a	BR	N	N
7151a	BR	N	N
7152a	BR	N	N
7154a	BR	C	C
7157a	R		N
7158a	R		E
7159a	BR	N	N
7160a	R		N
7162a	BR	E	E
7163a	BR	C	C
7167a	B	N	N
7168a	R		N
7169a	B	N	N
7170a	R		N
7171a	BR	N	N
7172a	R		N
7173a	B	E	E
7174a	B	E	N
7175a	B	E	E
7176a	BR	C	C
7177a	B	N	N
7178a	BR	N	N
7179a	R		N
7180a	B	N	N
7181a	R		N
7182a	BR	E	E
7183a	BR	C	C
7184a	B	E	E
7187a	BR	N	E
7188a	BR	N	E
7190a	BR	N	E
7191a	B	N	C
7192a	BR	N	E
7193a	B	E	E
7194a	R		C
7195a	BR	E	E
7197a	B	N	N
7198a	BR	N	N
7199a	R		N
7201a	B	N	N
7202a	B	E	E
7203a	BR	C	C
7206a	B	E	N
7207a	R		N
7212a	B	N	E
7215a	BR	E	E
7216a	BR	N	N
7220a	B	N	N
7223a	R		N
7225a	BR	E	E
7227a	B	N	N
7231a	BR	N	N
7232a	R		N
7233a	BR	E	E
7236a	BR	E	E
7238a	BR	N	N
7243a	BR	E	N
7244a	B	E	E
7245a	R		C
7247a	B	N	N
7248a	B	E	N
7249a	B	N	N
7250a	B	N	N
7251a	B	N	N
7253a	BR	N	N
7254a	BR	N	N
7255a	BR	E	E
7256a	BR	C	C
7257a	B	E	E
7258a	BR	C	C
7259a	BR	C	E
7260a	BR	N	E
7261a	BR	C	C
7263a	BR	N	E
7264a	B	N	N
7265a	BR	N	E
7266a	B	E	E
7272a	B	E	E
7273a	BR	C	N
7275a	B	E	E
7278a	BR	C	C
7279a	B	N	E
7283a	R		N
7284a	R		N
7285a	R		C
7286a	B	E	E
7288a	R		N
7289a	BR	N	N
7290a	R		N
7295a	B	E	E
7296a	BR	N	N
7297a	BR	E	E
7299a	BR	N	N
7301a	BR	N	E
7303a	BR	N	E
7305a	BR	C	C
7307a	B	E	E
7308a	BR	C	C
7310a	BR	C	C
7312a	R		C
7317a	BR	E	E
7318a	R		C
7321a	B	N	N
7323a	B	N	N
7324a	B	E	E
7325a	BR	C	C
7326a	BR	N	N
7327a	B	C	E
7328a	BR	N	N
7329a	BR	N	N
7330a	B	N	N
7331a	R		N
7333a	BR	N	N
7336a	BR	C	C
7337a	R		E
7338a	R		N
7339a	R		N
7341a	BR	N	N
7342a	B	N	N
7345a	BR	N	N
7348a	BR	E	E
7351a	BR	N	N
7354a	BR	N	E
7355a	BR	N	C
7357a	B	E	E
7360a	BR	E	C
7361a	B	N	N
7366a	BR	E	E
7369a	B	N	N
7373a	B	N	N
7376a	BR	N	N
7377a	BR	E	E
7378a	BR	N	N
7379a	BR	E	E
7380a	BR	C	C
7382a	B	N	C
7384a	R		N
7385a	BR	N	E
7387a	R		N
7393a	B	N	N
7395a	BR	E	E
7396a	BR	C	C
7400a	BR	N	N
7401a	BR	N	N
7403a	BR	N	N
7405a	BR	C	C
7406a	B	E	E
7407a	BR	N	N
7408a	B	N	N
7409a	B	N	N
7412a	B	N	N
7413a	B	E	E
7415a	R		N
7421a	BR	C	C
7424a	B	E	E
7425a	BR	N	N
7426a	R		E
7429a	R		N
7430a	B	N	N
7431a	BR	N	N
7433a	BR	E	E
7435a	BR	E	N
7436a	BR	C	C
7439a	BR	N	N
7440a	R		N
7442a	BR	E	E
7443a	BR	N	N
7447a	R		C
7449a	B	N	N
7450a	BR	N	N
7453a	B	N	N
7456a	B	N	N
7458a	BR	C	C
7460a	B	N	N
7463a	R		N
7465a	BR	N	N
7467a	BR	C	C
7469a	BR	E	E
7473a	BR	N	E
7478a	BR	C	C
7480a	R		N
7482a	B	N	N
7484a	B	N	N
7488a	BR	E	E
7489a	BR	C	C
7490a	BR	N	N
7494a	BR	N	N
7495a	B	E	E
7498a	R		C
7500a	R		N
7502a	BR	N	N
7510a	R		E
7512a	B	N	N
7513a	B	N	N
7514a	R		N
7515a	B	E	E
7517a	B	E	E
7518a	R		C
7519a	B	N	N
7520a	BR	N	N
7521a	B	N	N
7523a	BR	N	N
7524a	BR	E	E
7528a	R		N
7529a	BR	N	N
7530a	B	N	N
7531a	B	N	N
7535a	R		E
7536a	BR	N	N
7538a	B	E	E
7540a	B	N	N
7552a	B	E	E
7555a	BR	E	E
7560a	B	N	N
7562a	B	N	N
7565a	B	N	N
7566a	BR	E	E
7568a	B	E	E
7570a	BR	E	E
7571a	BR	C	N
7574a	BR	E	E
7575a	B	E	E
7578a	BR	E	E
7579a	B	N	N
7584a	R		N
7585a	B	E	E
7586a	B	E	E
7589a	BR	C	C
7591a	BR	N	N
7592a	BR	N	N
7593a	R		N
7595a	B	N	E
7596a	BR	C	C
7597a	R		E
7598a	BR	E	E
7600a	BR	E	E
7601a	BR	N	N
7602a	BR	N	N
7604a	R		N
7605a	BR	E	E
7607a	B	N	C
7610a	BR	N	N
7614a	BR	E	N
7615a	BR	E	E
7617a	BR	E	N
7620a	R		N
7621a	BR	N	N
7623a	B	N	N
7624a	B	N	N
7626a	BR	E	E
7627a	BR	C	C
7628a	R		N
7631a	B	N	N
7632a	B	N	E
7633a	B	N	N
7635a	B	E	E
7637a	BR	E	E
7640a	BR	N	E
7644a	R		N
7645a	BR	N	N
7646a	BR	E	E
7650a	R		E
7655a	BR	E	E
7656a	BR	E	N
7661a	BR	N	N
7663a	R		N
7664a	BR	N	N
7671a	R		N
7673a	R		N
7674a	B	E	E
7676a	BR	C	C
7679a	B	N	N
7683a	R		N
7684a	B	N	N
7685a	BR	N	N
7686a	BR	E	E
7690a	BR	E	N
7691a	BR	N	N
7693a	B	N	N
7694a	BR	E	E
7695a	BR	E	E
7696a	BR	N	N
7698a	BR	E	E
7704a	BR	N	N
7705a	B	N	N
7706a	BR	E	E
7708a	R		E
7709a	R		C
7710a	B	N	N
7713a	BR	N	N
7715a	B	E	E
7717a	BR	E	E
7721a	BR	N	N
7725a	B	C	N
7727a	B	E	E
7730a	R		N
7735a	BR	E	E
7736a	BR	C	C
7737a	BR	E	E
7738a	B	N	N
7745a	BR	C	C
7748a	BR	N	C
7749a	BR	N	N
7750a	R		N
7756a	B	N	N
7758a	BR	C	C
7759a	BR	E	E
7761a	R		N
7762a	BR	N	N
7765a	BR	N	N
7766a	BR	E	E
7767a	BR	C	C
7770a	BR	E	N
7773a	B	E	N
7774a	B	E	E
7775a	B	C	C
7783a	B	N	N
7786a	B	E	E
7788a	B	N	E
7789a	R		C
7791a	BR	N	N
7796a	BR	C	C
7797a	BR	E	E
7799a	BR	N	N
7800a	BR	N	N
7801a	B	N	N
7802a	BR	N	N
7803a	BR	N	N
7806a	BR	E	E
7809a	B	C	N
7812a	B	E	N
7814a	BR	C	C
7815a	BR	N	N
7816a	BR	N	N
7818a	R		N
7824a	B	E	E
7825a	BR	N	N
7826a	R		N
7827a	B	N	N
7828a	R		N
7829a	R		N
7830a	R		N
7831a	BR	E	E
7832a	R		N
7833a	B	E	E
7835a	B	E	E
7837a	BR	E	E
7840a	BR	E	E
7842a	BR	E	E
7843a	BR	C	C
7845a	BR	N	C
7846a	BR	N	N
7848a	BR	N	N
7850a	BR	C	C
7852a	BR	C	C
7853a	BR	N	N
7854a	R		N
7855a	BR	N	N
7856a	R		N
7857a	B	N	N
7858a	B	E	E
7860a	B	E	E
7862a	B	N	N
7863a	B	N	N
7865a	R		N
7870a	R		E
7871a	R		C
7873a	R		N
7874a	R		N
7879a	BR	C	C
7880a	BR	E	E
7882a	R		E
7883a	B	E	E
7885a	B	C	C
7886a	B	E	E
7894a	R		N
7895a	R		N
7897a	BR	C	C
7901a	R		N
7904a	BR	N	N
7905a	BR	E	E
7907a	B	E	N
7908a	B	N	E
7910a	BR	N	N
7911a	BR	N	N
7913a	B	N	N
7914a	B	N	N
7915a	BR	N	N
7916a	B	E	E
7918a	BR	E	E
7919a	BR	C	C
7920a	R		N
7922a	B	N	E
7924a	B	N	E
7928a	BR	C	C
7929a	BR	N	N
7930a	BR	N	N
7931a	BR	N	N
7941a	B	N	N
7942a	BR	N	N
7943a	B	E	E
7944a	R		C
7945a	BR	E	E
7948a	B	N	N
7952a	B	E	E
7955a	BR	C	C
7956a	B	N	E
7958a	BR	N	N
7960a	B	N	E
7961a	B	E	E
7962a	BR	C	C
7965a	BR	C	C
7968a	BR	N	N
7969a	B	N	N
7970a	BR	N	N
7974a	B	E	E
7975a	BR	N	N
7978a	B	N	N
7979a	B	N	N
7982a	R		C
7983a	B	N	N
7984a	BR	C	C
7988a	BR	N	N
7991a	BR	E	E
7992a	BR	E	E
7994a	BR	E	E
8000a	B	N	N
8001a	BR	E	E
8003a	B	E	E
8004a	BR	N	N
8007a	BR	N	N
8008a	B	N	N
8009a	BR	N	N
8011a	BR	N	C
8013a	BR	C	C
8015a	B	N	N
8016a	BR	N	N
8017a	BR	N	N
8019a	BR	E	E
8020a	BR	N	N
8022a	BR	N	N
8023a	BR	E	E
8026a	BR	N	N
8027a	BR	E	E
8030a	R		E
8033a	B	N	N
8034a	BR	N	N
8035a	B	N	N
8036a	R		N
8042a	BR	N	N
8043a	R		N
8045a	R		N
8046a	BR	E	E
8048a	B	E	E
8051a	B	N	N
8052a	B	N	N
8053a	B	N	N
8054a	B	N	E
8056a	BR	N	N
8061a	R		N
8062a	R		N
8063a	R		N
8066a	BR	E	N
8070a	B	E	N
8074a	B	N	N
8075a	BR	E	E
8078a	BR	N	N
8080a	BR	N	N
8081a	BR	N	N
8082a	BR	N	E
8083a	BR	E	N
8085a	BR	E	N
8086a	R		N
8087a	BR	E	N
8088a	B	E	E
8097a	R		N
8098a	R		N
8099a	B	N	N
8100a	BR	E	E
8101a	BR	C	C
8102a	BR	E	E
8103a	R		C
8106a	BR	N	N
8107a	B	N	N
8111a	BR	E	E
8113a	B	N	N
8114a	BR	N	N
8115a	B	N	N
8116a	B	N	N
8117a	BR	N	N
8118a	B	N	E
8123a	BR	N	N
8125a	BR	N	N
8128a	R		N
8131a	BR	N	N
8132a	BR	N	N
8133a	BR	N	N
8135a	BR	N	N
8139a	R		C
8140a	B	E	N
8142a	B	N	N
8144a	BR	N	N
8146a	R		C
8148a	BR	E	N
8149a	BR	N	N
8150a	R		N
8151a	BR	N	N
8153a	BR	N	N
8154a	B	E	E
8160a	BR	E	E
8164a	BR	E	N
8166a	BR	E	C
8167a	BR	N	N
8169a	BR	N	N
8170a	BR	N	N
8171a	B	N	N
8172a	B	E	E
8174a	BR	N	E
8176a	R		N
8178a	BR	N	N
8181a	BR	E	E
8182a	BR	E	C
8183a	R		E
8185a	BR	E	N
8188a	BR	E	N
8197a	BR	N	N
8198a	BR	N	N
8202a	BR	N	N
8203a	BR	N	N
8204a	BR	N	N
8205a	BR	N	N
8207a	BR	N	N
8208a	B	E	E
8209a	BR	E	N
8214a	R		N
8218a	BR	N	N
8221a	BR	N	N
8222a	BR	N	N
8224a	BR	N	N
8226a	B	E	E
8229a	BR	N	N
8231a	BR	N	N
8232a	R		N
8234a	BR	N	N
8235a	B	E	E
8236a	BR	E	N
8237a	BR	E	E
8238a	BR	N	N
8239a	BR	N	N
8240a	BR	N	N
8241a	B	N	N
8242a	BR	N	N
8243a	BR	N	N
8244a	BR	E	N
8245a	BR	N	C
8250a	B	N	N
8252a	B	N	N
8253a	BR	E	E
8254a	BR	E	N
8255a	BR	E	E
8256a	BR	N	N
8257a	R		E
8259a	B	N	N
8260a	R		N
8261a	R		N
8262a	BR	E	E
8265a	R		C
8268a	BR	N	E
8270a	BR	N	E
8271a	BR	E	E
8273a	BR	C	E
8275a	B	N	C
8278a	BR	N	N
8279a	BR	N	N
8280a	B	E	E
8284a	BR	N	N
8286a	BR	N	E
8287a	BR	N	N
8290a	BR	C	C
8291a	B	E	E
8292a	R		C
8293a	R		N
8295a	BR	N	N
8297a	R		N
8298a	R		E
8299a	R		C
8301a	BR	C	C
8302a	BR	E	E
8303a	R		N
8308a	R		C
8309a	B	E	E
8310a	R		C
8311a	BR	N	N
8315a	BR	N	N
8318a	BR	N	E
8319a	BR	C	C
8320a	BR	N	N
8322a	BR	N	N
8324a	BR	N	N
8332a	BR	N	N
8337a	R		C
8341a	R		N
8342a	B	E	E
8344a	R		C
8346a	BR	N	N
8348a	BR	N	N
8350a	R		N
8353a	R		C
8354a	R		E
8357a	BR	N	N
8359a	BR	N	N
8361a	R		N
8364a	BR	N	C
8365a	R		N
8369a	R		N
8370a	BR	E	E
8371a	B	C	C
8372a	BR	E	E
8373a	BR	N	N
8378a	B	N	N
8380a	R		N
8382a	BR	E	N
8385a	B	N	N
8386a	B	N	N
8387a	BR	N	N
8390a	B	E	E
8391a	R		N
8392a	R		N
8393a	BR	N	N
8394a	BR	N	N
8395a	B	N	N
8397a	BR	E	E
8399a	BR	E	E
8401a	BR	N	N
8402a	B	N	N
8403a	BR	N	N
8405a	BR	N	N
8408a	BR	E	E
8410a	BR	N	E
8411a	R		N
8413a	BR	N	E
8414a	BR	N	E
8415a	BR	N	E
8416a	BR	N	N
8418a	BR	E	C
8420a	BR	N	N
8422a	BR	N	N
8423a	BR	N	N
8427a	R		C
8428a	B	N	N
8429a	BR	N	N
8432a	BR	N	N
8433a	BR	E	E
8436a	BR	C	C
8438a	B	N	N
8439a	BR	N	N
8440a	B	N	N
8442a	BR	E	N
8443a	R		C
8445a	R		N
8447a	BR	N	N
8448a	BR	N	N
8450a	BR	E	N
8454a	R		C
8463a	R		C
8464a	BR	N	N
8465a	BR	N	N
8466a	BR	N	N
8467a	B	N	N
8468a	BR	N	N
8472a	B	N	C
8473a	B	N	N
8477a	BR	N	N
8478a	B	E	E
8480a	B	N	E
8485a	BR	N	E
8487a	BR	E	E
8488a	BR	N	N
8491a	BR	N	N
8495a	R		N
8496a	BR	E	E
8497a	BR	C	C
8498a	BR	E	E
8499a	BR	C	C
8503a	R		N
8508a	R		C
8509a	BR	N	N
8510a	BR	N	N
8513a	BR	N	N
8515a	BR	C	C
8518a	BR	N	N
8519a	BR	N	C
8522a	BR	E	E
8523a	B	N	N
8526a	BR	N	N
8527a	BR	N	N
8531a	R		N
8533a	B	N	N
8534a	BR	N	N
8535a	BR	E	N
8539a	R		N
8540a	BR	N	N
8542a	R		C
8544a	BR	E	C
8545a	B	N	N
8546a	BR	N	N
8547a	BR	N	E
8549a	BR	N	E
8550a	B	N	E
8552a	R		E
8553a	BR	N	N
8554a	BR	N	N
8556a	BR	N	N
8557a	BR	N	N
8559a	BR	E	E
8560a	BR	E	N
8565a	BR	N	N
8568a	BR	N	E
8570a	BR	E	E
8573a	R		N
8575a	R		N
8577a	BR	N	N
8579a	BR	E	E
8580a	BR	E	N
8583a	BR	N	E
8585a	B	N	E
8587a	R		C
8591a	B	N	N
8592a	BR	N	N
8595a	BR	E	E
8599a	R		N
8602a	R		N
8603a	BR	N	N
8604a	B	E	E
8605a	BR	N	N
8612a	BR	E	E
8615a	BR	E	E
8616a	BR	C	C
8617a	BR	N	N
8619a	BR	N	N
8621a	BR	N	N
8623a	B	N	N
8625a	R		N
8628a	BR	N	N
8634a	R		N
8638a	BR	N	N
8640a	B	E	E
8641a	R		C
8642a	R		E
8643a	R		C
8644a	BR	N	N
8648a	B	N	N
8650a	BR	N	N
8652a	BR	C	C
8653a	BR	N	N
8654a	BR	N	N
8655a	B	N	N
8659a	B	N	E
8661a	BR	N	N
8662a	BR	N	N
8666a	BR	N	N
8667a	BR	N	N
8670a	BR	N	N
8671a	BR	E	E
8672a	R		C
8673a	BR	N	N
8677a	B	N	N
8681a	R		C
8682a	BR	N	N
8687a	BR	E	E
8688a	BR	E	C
8693a	B	E	E
8694a	R		N
8695a	B	E	E
8698a	BR	E	E
8701a	R		N
8703a	B	C	N
8704a	R		N
8706a	R		C
8707a	B	E	E
8710a	R		N
8711a	R		N
8713a	B	N	N
8715a	BR	C	C
8717a	R		C
8718a	R		N
8720a	R		N
8721a	R		N
8722a	B	N	N
8723a	BR	E	N
8725a	B	E	E
8726a	BR	C	C
8729a	B	N	N
8730a	R		N
8731a	R		N
8732a	BR	N	E
8733a	BR	C	C
8734a	B	E	E
8735a	R		E
8736a	BR	E	E
8737a	BR	E	N
8740a	BR	E	E
8744a	BR	C	C
8745a	R		N
8747a	R		N
8752a	R		E
8754a	R		N
8755a	R		N
8758a	B	N	N
8761a	BR	E	E
8762a	BR	N	N
8763a	R		N
8764a	B	N	N
8765a	R		N
8769a	BR	C	C
8770a	B	N	E
8771a	BR	C	C
8772a	BR	N	N
8773a	R		N
8774a	R		N
8776a	B	N	N
8778a	R		C
8780a	BR	N	N
8782a	BR	N	N
8785a	BR	N	N
8788a	B	E	E
8789a	R		C
8793a	R		N
8795a	R		N
8797a	R		E
8798a	BR	C	C
8799a	B	E	N
8802a	R		N
8803a	R		E
8804a	BR	E	E
8807a	BR	C	C
8808a	R		N
8809a	R		N
8810a	B	N	N
8811a	B	N	N
8812a	B	N	N
8817a	B	E	E
8818a	B	N	N
8819a	R		N
8820a	R		N
8821a	B	E	E
8824a	BR	E	E
8825a	R		C
8826a	BR	N	N
8827a	BR	N	N
8828a	BR	N	N
8829a	BR	N	N
8831a	BR	N	N
8833a	B	E	E
8835a	BR	N	N
8837a	BR	N	N
8839a	BR	N	N
8840a	BR	N	E
8843a	BR	N	N
8845a	R		N
8847a	R		N
8849a	BR	C	N
8850a	BR	C	C
8851a	B	E	E
8853a	B	C	N
8857a	R		N
8860a	B	E	E
8861a	BR	C	C
8863a	BR	N	N
8864a	R		N
8865a	BR	N	N
8866a	BR	N	N
8868a	R		N
8870a	R		C
8871a	BR	N	E
8872a	BR	N	N
8874a	BR	N	N
8877a	R		C
8880a	BR	N	N
8881a	BR	N	N
8882a	BR	N	N
8883a	BR	N	N
8884a	BR	N	N
8885a	R		N
8886a	BR	N	C
8887a	B	E	E
8889a	BR	N	N
8890a	BR	N	N
8891a	BR	N	N
8893a	BR	N	N
8895a	BR	C	C
8896a	B	E	E
8897a	BR	C	C
8898a	BR	N	N
8899a	R		N
8900a	BR	N	N
8904a	R		C
8905a	B	E	E
8906a	R		N
8909a	BR	N	E
8910a	BR	N	N
8911a	BR	N	E
8912a	B	E	E
8919a	R		C
8920a	BR	N	E
8921a	B	N	N
8922a	BR	N	N
8923a	BR	E	E
8925a	BR	N	N
8927a	B	N	N
8928a	BR	N	N
8929a	BR	N	N
8930a	BR	N	E
8931a	R		N
8933a	BR	C	C
8935a	B	N	C
8939a	B	E	E
8940a	BR	E	N
8946a	B	N	N
8947a	B	N	N
8950a	BR	E	E
8951a	BR	N	N
8953a	B	N	N
8954a	B	N	N
8960a	R		C
8962a	R		N
8968a	BR	E	E
8969a	BR	C	C
8970a	BR	N	N
8971a	B	N	N
8974a	BR	N	N
8975a	BR	E	E
8979a	R		N
8981a	R		N
8984a	BR	E	E
8985a	BR	C	C
8989a	R		N
8990a	B	N	N
8991a	R		N
8993a	BR	E	N
8995a	BR	E	N
8997a	BR	N	N
9002a	R		N
9003a	R		N
9004a	R		E
9007a	BR	C	C
9008a	B	N	N
9009a	R		N
9010a	BR	N	N
9012a	R		N
9013a	BR	N	E
9016a	R		N
9018a	R		N
9020a	BR	N	N
9022a	BR	E	E
9023a	BR	N	N
9025a	R		C
9026a	BR	N	N
9027a	BR	N	N
9032a	BR	E	N
9034a	R		C
9042a	BR	E	E
9043a	R		C
9047a	R		N
9048a	R		E
9049a	R		E
9052a	BR	C	C
9055a	R		N
9057a	B	N	N
9059a	R		C
9060a	R		E
9061a	R		C
9062a	R		N
9063a	BR	N	N
9064a	BR	N	N
9065a	BR	N	N
9072a	B	N	N
9076a	BR	N	E
9079a	BR	E	N
9081a	R		N
9082a	B	N	N
9084a	R		N
9087a	BR	E	E
9088a	B	C	C
9089a	BR	N	N
9091a	B	N	N
9092a	BR	N	N
9100a	BR	N	N
9104a	B	C	N
9105a	BR	E	E
9107a	BR	N	N
9111a	BR	N	N
9112a	BR	E	E
9114a	BR	E	E
9115a	B	C	C
9116a	BR	N	N
9118a	BR	N	N
9119a	R		N
9120a	BR	N	N
9121a	BR	E	E
9122a	R		C
9123a	BR	E	E
9124a	BR	N	N
9128a	B	N	N
9130a	B	E	E
9135a	R		N
9138a	R		N
9143a	BR	E	E
9144a	R		C
9145a	B	E	E
9149a	BR	N	N
9151a	R		C
9152a	R		N
9154a	R		N
9157a	BR	E	E
9158a	BR	C	C
9162a	BR	N	N
9163a	BR	N	N
9164a	B	N	N
9165a	BR	N	N
9166a	BR	N	N
9168a	B	N	E
9170a	R		N
9173a	BR	N	N
9174a	BR	N	N
9175a	BR	E	E
9176a	BR	C	C
9178a	B	C	C
9179a	BR	N	E
9180a	BR	N	N
9182a	BR	N	C
9190a	BR	N	N
9191a	BR	N	N
9195a	B	E	E
9197a	BR	N	N
9199a	BR	N	N
9201a	BR	N	N
9202a	B	E	E
9203a	R		C
9204a	BR	E	E
9205a	BR	N	N
9207a	BR	N	N
9209a	BR	N	N
9210a	BR	N	N
9214a	R		C
9216a	BR	N	N
9217a	B	N	N
9218a	BR	N	N
9219a	BR	N	N
9220a	B	E	E
9221a	R		N
9225a	BR	N	N
9226a	BR	N	N
9227a	B	N	N
9228a	B	N	N
9229a	BR	E	E
9231a	B	E	E
9232a	BR	C	C
9234a	B	C	N
9237a	B	E	E
9243a	R		N
9244a	R		N
9245a	R		N
9246a	BR	N	N
9248a	R		N
9251a	BR	N	N
9252a	BR	N	N
9253a	BR	N	N
9256a	R		E
9257a	BR	C	C
9261a	R		N
9263a	R		N
9265a	BR	E	E
9266a	BR	N	N
9267a	BR	E	E
9268a	BR	C	C
9270a	R		N
9271a	B	N	N
9276a	BR	E	N
9277a	R		C
9278a	BR	N	N
9279a	B	N	N
9282a	BR	N	N
9283a	B	E	E
9286a	R		C
9289a	BR	N	N
9290a	BR	N	N
9291a	BR	N	N
9294a	BR	E	E
9296a	BR	N	N
9298a	R		N
9301a	BR	E	E
9302a	BR	N	N
9304a	BR	C	C
9310a	B	E	E
9311a	BR	C	C
9312a	BR	E	E
9316a	BR	N	N
9317a	BR	N	N
9318a	BR	N	N
9320a	R		C
9321a	BR	E	E
9322a	BR	E	E
9324a	BR	N	N
9325a	B	N	N
9331a	BR	C	C
9332a	B	E	E
9333a	BR	C	C
9334a	BR	N	E
9339a	B	E	E
9340a	BR	N	N
9341a	R		E
9345a	R		N
9346a	R		N
9347a	R		N
9348a	B	E	E
9352a	B	N	N
9353a	BR	N	N
9355a	B	N	N
9357a	B	N	N
9358a	R		C
9360a	BR	N	N
9363a	BR	N	N
9364a	BR	N	N
9365a	BR	N	N
9366a	B	E	E
9372a	R		N
9376a	BR	E	N
9378a	R		C
9379a	B	N	N
9381a	B	N	N
9382a	BR	N	N
9383a	B	N	N
9384a	BR	E	E
9390a	BR	N	N
9392a	B	N	N
9396a	R		N
9397a	B	N	N
9398a	R		N
9399a	B	N	N
9403a	BR	N	N
9404a	BR	E	E
9405a	BR	E	N
9406a	R		N
9409a	BR	N	N
9410a	R		N
9411a	BR	E	E
9415a	BR	N	N
9416a	BR	N	N
9417a	BR	N	N
9418a	BR	N	N
9419a	BR	N	N
9420a	B	E	E
9421a	B	N	N
9422a	BR	E	E
9428a	B	E	N
9429a	R		N
9432a	BR	E	C
9440a	BR	E	E
9441a	BR	N	N
9443a	B	N	N
9446a	B	N	N
9450a	B	E	E
9454a	BR	N	N
9458a	BR	E	E
9459a	BR	N	N
9460a	BR	E	E
9463a	BR	N	N
9464a	BR	N	N
9466a	BR	N	N
9468a	R		C
9470a	BR	E	N
9472a	BR	N	N
9474a	BR	N	N
9476a	BR	E	E
9477a	R		N
9478a	BR	N	E
9479a	BR	N	N
9480a	BR	N	E
9481a	B	N	N
9483a	BR	N	N
9484a	BR	N	N
9485a	BR	E	E
9486a	R		C
9487a	BR	E	E
9491a	BR	E	E
9494a	BR	E	E
9498a	BR	N	N
9501a	BR	N	N
9503a	B	E	E
9505a	BR	E	N
9507a	B	N	N
9508a	B	N	N
9509a	BR	E	N
9511a	B	E	E
9513a	R		C
9514a	R		N
9518a	BR	N	N
9519a	BR	N	N
9520a	BR	N	N
9521a	BR	E	E
9522a	B	N	N
9523a	R		N
9527a	B	N	N
9528a	R		N
9533a	B	C	C
9534a	BR	N	N
9536a	BR	N	N
9539a	B	E	E
9543a	B	N	N
9546a	R		N
9547a	B	N	N
9548a	BR	E	E
9550a	BR	E	E
9552a	B	E	E
9553a	B	E	E
9559a	BR	E	E
9560a	BR	N	N
9564a	B	C	C
9566a	B	E	E
9568a	B	E	E
9573a	R		N
9575a	B	E	E
9582a	B	N	N
9585a	BR	C	C
9586a	BR	E	E
9587a	R		C
9588a	BR	E	N
9589a	BR	N	N
9590a	BR	N	N
9595a	BR	N	E
9596a	BR	C	C
9597a	B	E	E
9598a	BR	E	C
9601a	BR	E	E
9603a	BR	N	N
9606a	B	E	E
9608a	R		N
9611a	B	N	N
9612a	BR	N	N
9613a	BR	E	E
9614a	BR	E	N
9618a	BR	N	N
9619a	BR	N	N
9620a	B	N	N
9621a	B	N	N
9622a	B	E	E
9625a	BR	N	N
9626a	R		N
9628a	R		N
9629a	BR	N	N
9630a	R		N
9633a	B	E	N
9634a	BR	E	E
9637a	R		N
9640a	B	E	N
9642a	BR	E	E
9647a	R		N
9648a	B	N	N
9649a	R		N
9652a	BR	E	N
9654a	BR	N	N
9655a	BR	N	N
9658a	BR	N	N
9660a	BR	E	E
9661a	R		C
9663a	BR	N	N
9664a	B	E	E
9670a	B	C	C
9671a	B	E	E
9672a	R		C
9673a	B	N	N
9674a	BR	N	N
9679a	BR	N	N
9681a	R		C
9682a	R		N
9683a	BR	N	N
9685a	BR	N	N
9686a	R		N
9688a	BR	C	C
9690a	B	E	N
9693a	R		N
9696a	BR	N	E
9705a	BR	N	N
9707a	BR	E	N
9711a	B	N	E
9712a	BR	N	N
9714a	BR	E	E
9716a	BR	N	E
9724a	R		C
9725a	BR	E	E
9727a	B	N	N
9728a	B	N	N
9729a	BR	N	N
9732a	BR	E	E
9734a	BR	E	E
9735a	R		C
9737a	B	E	N
9739a	B	N	N
9740a	BR	E	N
9741a	B	E	E
9742a	R		N
9743a	BR	E	E
9750a	B	E	E
9751a	BR	E	C
9754a	R		N
9755a	R		N
9756a	R		N
9761a	B	N	N
9762a	B	N	N
9767a	BR	N	N
9768a	BR	N	N
9772a	B	N	N
9775a	BR	N	N
9777a	R		N
9781a	B	N	N
9782a	BR	N	N
9783a	BR	N	N
9785a	BR	N	N
9787a	B	N	N
9790a	B	N	N
9791a	B	N	N
9792a	B	N	N
9793a	BR	N	N
9794a	B	N	N
9796a	BR	N	N
9797a	B	N	N
9798a	BR	N	N
9802a	R		N
9804a	B	N	N
9807a	BR	N	N
9808a	B	N	N
9809a	B	N	N
9810a	BR	N	N
9812a	BR	N	N
9813a	BR	N	N
9818a	BR	N	N
9819a	BR	N	N
9823a	B	N	N
9824a	BR	N	N
9826a	BR	N	N
9828a	BR	N	N
9830a	BR	N	N
9831a	B	N	N
9833a	B	N	N
9834a	BR	N	N
9835a	BR	N	N
9837a	B	N	N
9842a	BR	N	N
9845a	B	N	N
9848a	BR	N	N
9849a	BR	N	N
9850a	BR	N	N
9852a	BR	N	N
9854a	B	N	N
9855a	BR	N	N
9857a	B	N	N
9858a	BR	N	N
9861a	BR	N	N
9862a	BR	N	N
9865a	BR	N	N
9866a	BR	N	N
9867a	B	N	N
9871a	B	N	N
9872a	BR	N	N
9873a	BR	N	N
9881a	BR	N	N
9883a	BR	N	N
9887a	B	N	N
9888a	BR	N	N
9890a	BR	N	N
9891a	BR	N	N
9892a	BR	N	N
9894a	BR	N	N
9896a	B	N	N
9898a	B	N	N
9899a	BR	N	N
9901a	BR	N	N
9902a	BR	N	N
9906a	B	N	N
9908a	B	N	N
9909a	BR	N	N
9910a	BR	N	N
9913a	B	N	N
9917a	BR	N	N
9918a	B	N	N
9920a	BR	N	N
9923a	BR	N	N
9924a	BR	N	N
9925a	B	N	N
9928a	BR	N	N
9929a	BR	N	N
9930a	BR	N	N
9932a	BR	N	N
9933a	BR	N	N
9937a	B	N	N
9941a	BR	N	N
9944a	BR	N	N
9945a	BR	N	N
9946a	BR	N	N
9950a	BR	N	N
9952a	B	N	N
9953a	B	N	N
9954a	BR	N	N
9956a	BR	N	N
9957a	BR	N	N
9958a	B	N	N
9961a	B	N	N
9964a	BR	N	N
9965a	B	N	N
9966a	BR	N	N
9969a	B	N	N
9970a	B	N	N
9971a	BR	N	N
9972a	BR	N	N
9977a	BR	N	N
9978a	BR	N	N
9986a	BR	N	N
9987a	BR	N	N
9989a	B	N	N
9990a	B	N	N
9991a	B	N	N
9992a	BR	N	N
9994a	B	N	N
9995a	BR	N	N
9996a	BR	N	N
